ctime,schemaname,relname,seq_scan,seq_tup_read,idx_scan,idx_tup_fetch,n_tup_ins,n_tup_upd,n_tup_del,n_tup_hot_upd,n_live_tup,n_dead_tup,heap_blks_read,heap_blks_hit,idx_blks_read,idx_blks_hit,toast_blks_read,toast_blks_hit,tidx_blks_read,tidx_blks_hit
1416388924.37102,pg_catalog,pg_attrdef,0,0,0,0,0,0,0,0,0,0,0,0,0,0,0,0,0,0
1416388924.37102,pg_catalog,pg_db_role_setting,0,0,88164,0,0,0,0,0,0,0,0,0,263,87901,0,0,0,0
1416388924.37102,pg_catalog,pg_rowsecurity,0,0,0,0,0,0,0,0,0,0,0,0,0,0,,,,
1416388924.37102,pg_catalog,pg_description,0,0,2932,0,0,0,0,0,0,0,0,0,815,5707,0,0,0,0
1416388924.37102,pg_catalog,pg_foreign_data_wrapper,0,0,0,0,0,0,0,0,0,0,0,0,0,0,,,,
1416388924.37102,pg_catalog,pg_conversion,0,0,0,0,0,0,0,0,0,0,0,0,0,0,,,,
1416388924.37102,public,nation,13,50,42,42,25,0,0,0,25,0,1,45,2,49,,,,
1416388924.37102,pg_catalog,pg_class,6776,1461236,524102,478696,1173,359,1173,348,337,79,6641,550774,4710,1096237,,,,
1416388924.37102,pg_catalog,pg_opfamily,0,0,0,0,0,0,0,0,0,0,0,0,0,0,,,,
1416388924.37102,pg_catalog,pg_auth_members,0,0,0,0,0,0,0,0,0,0,0,0,0,0,,,,
1416388924.37102,pg_catalog,pg_operator,0,0,161037,844489,0,0,0,0,0,0,4466,584107,3950,349179,,,,
1416388924.37102,pg_toast,pg_toast_12345,0,0,0,0,0,0,0,0,0,0,0,0,0,0,,,,
1416388924.37102,public,part,8,12000000,26,26,2000000,0,0,0,2000000,0,79007,327741,10,108,,,,
1416388924.37102,pg_catalog,pg_attribute,1815,12375,429679,968398,4286,120,4286,120,2514,12,16600,477174,3930,898094,,,,
1416388924.37102,pg_catalog,pg_tablespace,0,0,14974,14974,0,0,0,0,0,0,434,14540,902,29114,,,,
1416388924.37102,pg_catalog,pg_statistic,0,0,118152,113612,968,2659,971,2520,464,84,11877,109790,1371,252550,28673,114807,1248,134654
1416388924.37102,pg_catalog,pg_aggregate,0,0,11204,11204,0,0,0,0,0,0,830,10374,1888,17645,,,,
1416388924.37102,pg_catalog,pg_inherits,0,0,658,0,0,0,0,0,0,0,0,0,283,375,,,,
1416388924.37102,public,supplier,7,400000,42,42,100000,0,0,0,100000,0,2312,15690,6,108,,,,
1416388924.37102,pg_catalog,pg_enum,0,0,0,0,0,0,0,0,0,0,0,0,0,0,,,,
1416388924.37102,public,partsupp,5,24000000,42,42,8000000,0,0,0,8000000,0,340611,954551,12,124,,,,
1416388924.37102,pg_toast,pg_toast_2396,0,0,0,0,0,0,0,0,0,0,0,0,0,0,,,,
1416388924.37102,pg_catalog,pg_pltemplate,0,0,0,0,0,0,0,0,0,0,0,0,0,0,,,,
1416388924.37102,public,region,6,10,8,8,5,0,0,0,5,0,1,11,2,9,,,,
1416388924.37102,pg_toast,pg_toast_2618,0,0,2220,7090,0,0,0,0,0,0,1286,1434,383,3197,,,,
1416388924.37102,pg_toast,pg_toast_3596,0,0,0,0,0,0,0,0,0,0,0,0,0,0,,,,
1416388924.37102,pg_toast,pg_toast_2606,0,0,0,0,0,0,0,0,0,0,0,0,0,0,,,,
1416388924.37102,pg_toast,pg_toast_2964,0,0,0,0,0,0,0,0,0,0,0,0,0,0,,,,
1416388924.37102,pg_toast,pg_toast_12330,0,0,0,0,0,0,0,0,0,0,0,0,0,0,,,,
1416388924.37102,pg_catalog,pg_database,1638,6270,71732,71732,0,0,0,0,0,0,189,73181,1181,114586,,,,
1416388924.37102,information_schema,sql_sizing_profiles,0,0,,,0,0,0,0,0,0,0,0,,,0,0,0,0
1416388924.37102,pg_toast,pg_toast_2620,0,0,0,0,0,0,0,0,0,0,0,0,0,0,,,,
1416388924.37102,pg_catalog,pg_depend,0,0,27379,29444,5027,0,5027,0,6685,1011,4939,35296,6932,71196,,,,
1416388924.37102,pg_catalog,pg_language,0,0,0,0,0,0,0,0,0,0,0,0,0,0,,,,
1416388924.37102,pg_toast,pg_toast_12320,0,0,0,0,0,0,0,0,0,0,0,0,0,0,,,,
1416388924.37102,pg_catalog,pg_amproc,330,660,92137,145035,0,0,0,0,0,0,452,90626,825,204891,,,,
1416388924.37102,pg_catalog,pg_collation,0,0,0,0,0,0,0,0,0,0,0,0,0,0,,,,
1416388924.37102,pg_catalog,pg_range,0,0,5025,0,0,0,0,0,0,0,0,0,1998,8052,,,,
1416388924.37102,pg_toast,pg_toast_2609,0,0,0,0,0,0,0,0,0,0,0,0,0,0,,,,
1416388924.37102,pg_catalog,pg_opclass,330,330,126909,1428347,0,0,0,0,0,0,992,566463,2023,155241,,,,
1416388924.37102,information_schema,sql_packages,0,0,,,0,0,0,0,0,0,0,0,,,0,0,0,0
1416388924.37102,pg_catalog,pg_rewrite,0,0,5234,4157,359,0,359,0,110,29,2607,4602,1198,7732,1286,1434,766,6394
1416388924.37102,pg_toast,pg_toast_1255,0,0,0,0,0,0,0,0,0,0,0,0,0,0,,,,
1416388924.37102,pg_catalog,pg_seclabel,0,0,2932,0,0,0,0,0,0,0,0,0,266,2666,0,0,0,0
1416388924.37102,pg_toast,pg_toast_12335,0,0,0,0,0,0,0,0,0,0,0,0,0,0,,,,
1416388924.37102,pg_catalog,pg_ts_parser,0,0,0,0,0,0,0,0,0,0,0,0,0,0,,,,
1416388924.37102,pg_catalog,pg_trigger,0,0,0,0,0,0,0,0,0,0,0,0,0,0,0,0,0,0
1416388924.37102,public,customer,10,9000000,28,28,1500000,0,0,0,1500000,0,68533,294885,10,114,,,,
1416388924.37102,pg_toast,pg_toast_12340,0,0,0,0,0,0,0,0,0,0,0,0,0,0,,,,
1416388924.37102,pg_catalog,pg_shseclabel,0,0,0,0,0,0,0,0,0,0,0,0,0,0,,,,
1416388924.37102,pg_catalog,pg_event_trigger,0,0,1114,0,0,0,0,0,0,0,0,0,302,812,,,,
1416388924.37102,information_schema,sql_features,0,0,,,0,0,0,0,0,0,0,0,,,0,0,0,0
1416388924.37102,information_schema,sql_languages,0,0,,,0,0,0,0,0,0,0,0,,,0,0,0,0
1416388924.37102,public,lineitem,13,539874468,56,56,59986052,0,0,0,59986423,0,8524581,4737793,22,338,,,,
1416388924.37102,pg_catalog,pg_foreign_table,0,0,0,0,0,0,0,0,0,0,0,0,0,0,,,,
1416388924.37102,pg_catalog,pg_extension,0,0,0,0,0,0,0,0,0,0,0,0,0,0,,,,
1416388924.37102,pg_catalog,pg_ts_config,0,0,0,0,0,0,0,0,0,0,0,0,0,0,,,,
1416388924.37102,pg_catalog,pg_shdescription,0,0,0,0,0,0,0,0,0,0,0,0,0,0,0,0,0,0
1416388924.37102,pg_catalog,pg_cast,0,0,703740,167089,0,0,0,0,0,0,948,166141,580,723356,,,,
1416388924.37102,pg_catalog,pg_amop,0,0,188596,274476,0,0,0,0,0,0,1386,273090,3060,398966,,,,
1416388924.37102,pg_catalog,pg_user_mapping,0,0,0,0,0,0,0,0,0,0,0,0,0,0,,,,
1416388924.37102,pg_toast,pg_toast_12315,0,0,0,0,0,0,0,0,0,0,0,0,0,0,,,,
1416388924.37102,pg_catalog,pg_type,0,0,498008,493101,1304,0,1304,0,360,61,3315,495623,4847,1023516,,,,
1416388924.37102,pg_catalog,pg_largeobject,0,0,0,0,0,0,0,0,0,0,0,0,0,0,,,,
1416388924.37102,information_schema,sql_parts,0,0,,,0,0,0,0,0,0,0,0,,,0,0,0,0
1416388924.37102,pg_catalog,pg_ts_config_map,0,0,0,0,0,0,0,0,0,0,0,0,0,0,,,,
1416388924.37102,pg_catalog,pg_largeobject_metadata,0,0,0,0,0,0,0,0,0,0,0,0,0,0,,,,
1416388924.37102,pg_catalog,pg_am,21957,21957,0,0,0,0,0,0,0,0,308,21649,0,0,,,,
1416388924.37102,public,orders,10,60000000,30,30,15000000,0,0,0,15000000,0,504554,1558810,8,118,,,,
1416388924.37102,pg_catalog,pg_ts_template,0,0,0,0,0,0,0,0,0,0,0,0,0,0,,,,
1416388924.37102,public,time_statistics,1,1,,,3,1,0,1,3,1,2,3,,,,,,
1416388924.37102,pg_catalog,pg_foreign_server,0,0,0,0,0,0,0,0,0,0,0,0,0,0,,,,
1416388924.37102,pg_catalog,pg_namespace,930,78908,119164,98354,2,0,0,0,2,0,497,99720,1426,140181,,,,
1416388924.37102,pg_toast,pg_toast_2619,0,0,87359,292047,3616,0,3378,0,261,16,28673,114807,1248,134654,,,,
1416388924.37102,pg_catalog,pg_authid,524,524,41900,41900,0,0,0,0,0,0,263,42161,1220,82580,,,,
1416388924.37102,pg_catalog,pg_default_acl,0,0,2632,0,0,0,0,0,0,0,0,0,275,2357,,,,
1416388924.37102,pg_catalog,pg_shdepend,0,0,3592,660,0,0,0,0,0,0,302,358,1153,3755,,,,
1416388924.37102,pg_catalog,pg_constraint,0,0,192,96,96,0,96,0,10,0,53,545,96,968,0,0,0,0
1416388924.37102,information_schema,sql_implementation_info,0,0,,,0,0,0,0,0,0,0,0,,,0,0,0,0
1416388924.37102,pg_catalog,pg_index,3281,299445,235062,333915,515,0,515,0,143,36,2852,337992,1559,269030,,,,
1416388924.37102,pg_catalog,pg_ts_dict,0,0,0,0,0,0,0,0,0,0,0,0,0,0,,,,
1416388924.37102,pg_toast,pg_toast_2604,0,0,0,0,0,0,0,0,0,0,0,0,0,0,,,,
1416388924.37102,pg_toast,pg_toast_12325,0,0,0,0,0,0,0,0,0,0,0,0,0,0,,,,
1416388924.37102,information_schema,sql_sizing,0,0,,,0,0,0,0,0,0,0,0,,,0,0,0,0
1416388924.37102,pg_catalog,pg_proc,0,0,186090,275623,0,0,0,0,0,0,15988,185284,7754,404230,0,0,0,0
1416388984.37545,pg_catalog,pg_attrdef,0,0,0,0,0,0,0,0,0,0,0,0,0,0,0,0,0,0
1416388984.37545,pg_catalog,pg_db_role_setting,0,0,88264,0,0,0,0,0,0,0,0,0,264,88000,0,0,0,0
1416388984.37545,pg_catalog,pg_rowsecurity,0,0,0,0,0,0,0,0,0,0,0,0,0,0,,,,
1416388984.37545,pg_catalog,pg_description,0,0,2932,0,0,0,0,0,0,0,0,0,815,5707,0,0,0,0
1416388984.37545,pg_catalog,pg_foreign_data_wrapper,0,0,0,0,0,0,0,0,0,0,0,0,0,0,,,,
1416388984.37545,pg_catalog,pg_conversion,0,0,0,0,0,0,0,0,0,0,0,0,0,0,,,,
1416388984.37545,public,nation,14,75,25466,25466,25,0,0,0,25,0,2,25469,4,25472,,,,
1416388984.37545,pg_catalog,pg_class,6797,1464297,524657,479236,1173,359,1173,348,337,79,6642,551481,4711,1097381,,,,
1416388984.37545,pg_catalog,pg_opfamily,0,0,0,0,0,0,0,0,0,0,0,0,0,0,,,,
1416388984.37545,pg_catalog,pg_auth_members,0,0,0,0,0,0,0,0,0,0,0,0,0,0,,,,
1416388984.37545,pg_catalog,pg_operator,0,0,161106,844810,0,0,0,0,0,0,4478,584317,3952,349335,,,,
1416388984.37545,pg_toast,pg_toast_12345,0,0,0,0,0,0,0,0,0,0,0,0,0,0,,,,
1416388984.37545,public,part,9,14000000,33,2000032,2000000,0,0,0,2000000,0,119529,369021,5483,130,,,,
1416388984.37545,pg_catalog,pg_attribute,1826,12450,430073,969265,4286,120,4286,120,2514,12,16619,477723,3931,898900,,,,
1416388984.37545,pg_catalog,pg_tablespace,0,0,14986,14986,0,0,0,0,0,0,435,14551,905,29137,,,,
1416388984.37545,pg_catalog,pg_statistic,0,0,118221,113666,968,2666,971,2527,464,91,11890,109839,1372,252698,28701,114826,1248,134709
1416388984.37545,pg_catalog,pg_aggregate,0,0,11207,11207,0,0,0,0,0,0,831,10376,1890,17649,,,,
1416388984.37545,pg_catalog,pg_inherits,0,0,658,0,0,0,0,0,0,0,0,0,283,375,,,,
1416388984.37545,public,supplier,9,500000,25466,25466,100000,0,0,0,100000,0,4491,41114,284,50846,,,,
1416388984.37545,pg_catalog,pg_enum,0,0,0,0,0,0,0,0,0,0,0,0,0,0,,,,
1416388984.37545,public,partsupp,5,24000000,26245,1612430,8000000,0,0,0,8000000,0,511564,2377610,19937,63328,,,,
1416388984.37545,pg_toast,pg_toast_2396,0,0,0,0,0,0,0,0,0,0,0,0,0,0,,,,
1416388984.37545,pg_catalog,pg_pltemplate,0,0,0,0,0,0,0,0,0,0,0,0,0,0,,,,
1416388984.37545,public,region,6362,31785,12,12,5,0,0,0,5,0,2,6369,4,12,,,,
1416388984.37545,pg_toast,pg_toast_2618,0,0,2225,7106,0,0,0,0,0,0,1291,1435,383,3205,,,,
1416388984.37545,pg_toast,pg_toast_3596,0,0,0,0,0,0,0,0,0,0,0,0,0,0,,,,
1416388984.37545,pg_toast,pg_toast_2606,0,0,0,0,0,0,0,0,0,0,0,0,0,0,,,,
1416388984.37545,pg_toast,pg_toast_2964,0,0,0,0,0,0,0,0,0,0,0,0,0,0,,,,
1416388984.37545,pg_toast,pg_toast_12330,0,0,0,0,0,0,0,0,0,0,0,0,0,0,,,,
1416388984.37545,pg_catalog,pg_database,1642,6280,71811,71811,0,0,0,0,0,0,189,73264,1185,114710,,,,
1416388984.37545,information_schema,sql_sizing_profiles,0,0,,,0,0,0,0,0,0,0,0,,,0,0,0,0
1416388984.37545,pg_toast,pg_toast_2620,0,0,0,0,0,0,0,0,0,0,0,0,0,0,,,,
1416388984.37545,pg_catalog,pg_depend,0,0,27379,29444,5027,0,5027,0,6685,1011,4939,35296,6932,71196,,,,
1416388984.37545,pg_catalog,pg_language,0,0,0,0,0,0,0,0,0,0,0,0,0,0,,,,
1416388984.37545,pg_toast,pg_toast_12320,0,0,0,0,0,0,0,0,0,0,0,0,0,0,,,,
1416388984.37545,pg_catalog,pg_amproc,332,664,92195,145120,0,0,0,0,0,0,452,90687,825,205023,,,,
1416388984.37545,pg_catalog,pg_collation,0,0,0,0,0,0,0,0,0,0,0,0,0,0,,,,
1416388984.37545,pg_catalog,pg_range,0,0,5028,0,0,0,0,0,0,0,0,0,2000,8056,,,,
1416388984.37545,pg_toast,pg_toast_2609,0,0,0,0,0,0,0,0,0,0,0,0,0,0,,,,
1416388984.37545,pg_catalog,pg_opclass,332,332,126975,1429038,0,0,0,0,0,0,992,566727,2023,155328,,,,
1416388984.37545,information_schema,sql_packages,0,0,,,0,0,0,0,0,0,0,0,,,0,0,0,0
1416388984.37545,pg_catalog,pg_rewrite,0,0,5241,4164,359,0,359,0,110,29,2629,4610,1198,7744,1291,1435,766,6410
1416388984.37545,pg_toast,pg_toast_1255,0,0,0,0,0,0,0,0,0,0,0,0,0,0,,,,
1416388984.37545,pg_catalog,pg_seclabel,0,0,2932,0,0,0,0,0,0,0,0,0,266,2666,0,0,0,0
1416388984.37545,pg_toast,pg_toast_12335,0,0,0,0,0,0,0,0,0,0,0,0,0,0,,,,
1416388984.37545,pg_catalog,pg_ts_parser,0,0,0,0,0,0,0,0,0,0,0,0,0,0,,,,
1416388984.37545,pg_catalog,pg_trigger,0,0,0,0,0,0,0,0,0,0,0,0,0,0,0,0,0,0
1416388984.37545,public,customer,10,9000000,28,28,1500000,0,0,0,1500000,0,68533,294885,10,114,,,,
1416388984.37545,pg_toast,pg_toast_12340,0,0,0,0,0,0,0,0,0,0,0,0,0,0,,,,
1416388984.37545,pg_catalog,pg_shseclabel,0,0,0,0,0,0,0,0,0,0,0,0,0,0,,,,
1416388984.37545,pg_catalog,pg_event_trigger,0,0,1114,0,0,0,0,0,0,0,0,0,302,812,,,,
1416388984.37545,information_schema,sql_features,0,0,,,0,0,0,0,0,0,0,0,,,0,0,0,0
1416388984.37545,information_schema,sql_languages,0,0,,,0,0,0,0,0,0,0,0,,,0,0,0,0
1416388984.37545,public,lineitem,13,539874468,59,772765,60045669,0,0,0,60046040,0,8936949,4740496,109891,1305768,,,,
1416388984.37545,pg_catalog,pg_foreign_table,0,0,0,0,0,0,0,0,0,0,0,0,0,0,,,,
1416388984.37545,pg_catalog,pg_extension,0,0,0,0,0,0,0,0,0,0,0,0,0,0,,,,
1416388984.37545,pg_catalog,pg_ts_config,0,0,0,0,0,0,0,0,0,0,0,0,0,0,,,,
1416388984.37545,pg_catalog,pg_shdescription,0,0,0,0,0,0,0,0,0,0,0,0,0,0,0,0,0,0
1416388984.37545,pg_catalog,pg_cast,0,0,704120,167179,0,0,0,0,0,0,948,166231,580,723750,,,,
1416388984.37545,pg_catalog,pg_amop,0,0,188695,274614,0,0,0,0,0,0,1388,273226,3060,399181,,,,
1416388984.37545,pg_catalog,pg_user_mapping,0,0,0,0,0,0,0,0,0,0,0,0,0,0,,,,
1416388984.37545,pg_toast,pg_toast_12315,0,0,0,0,0,0,0,0,0,0,0,0,0,0,,,,
1416388984.37545,pg_catalog,pg_type,0,0,498298,493391,1304,0,1304,0,360,61,3316,495912,4847,1024112,,,,
1416388984.37545,pg_catalog,pg_largeobject,0,0,0,0,0,0,0,0,0,0,0,0,0,0,,,,
1416388984.37545,information_schema,sql_parts,0,0,,,0,0,0,0,0,0,0,0,,,0,0,0,0
1416388984.37545,pg_catalog,pg_ts_config_map,0,0,0,0,0,0,0,0,0,0,0,0,0,0,,,,
1416388984.37545,pg_catalog,pg_largeobject_metadata,0,0,0,0,0,0,0,0,0,0,0,0,0,0,,,,
1416388984.37545,pg_catalog,pg_am,21973,21973,0,0,0,0,0,0,0,0,308,21665,0,0,,,,
1416388984.37545,public,orders,10,60000000,30,30,15015000,0,0,0,15015000,0,504810,1559367,2828,132793,,,,
1416388984.37545,pg_catalog,pg_ts_template,0,0,0,0,0,0,0,0,0,0,0,0,0,0,,,,
1416388984.37545,public,time_statistics,4,13,,,6,4,0,4,6,4,2,12,,,,,,
1416388984.37545,pg_catalog,pg_foreign_server,0,0,0,0,0,0,0,0,0,0,0,0,0,0,,,,
1416388984.37545,pg_catalog,pg_namespace,932,79080,119348,98524,2,0,0,0,2,0,497,99894,1427,140381,,,,
1416388984.37545,pg_toast,pg_toast_2619,0,0,87384,292143,3616,0,3378,0,261,16,28701,114826,1248,134709,,,,
1416388984.37545,pg_catalog,pg_authid,527,527,41947,41947,0,0,0,0,0,0,264,42210,1224,82670,,,,
1416388984.37545,pg_catalog,pg_default_acl,0,0,2632,0,0,0,0,0,0,0,0,0,275,2357,,,,
1416388984.37545,pg_catalog,pg_shdepend,0,0,3592,660,0,0,0,0,0,0,302,358,1153,3755,,,,
1416388984.37545,pg_catalog,pg_constraint,0,0,192,96,96,0,96,0,10,0,53,545,96,968,0,0,0,0
1416388984.37545,information_schema,sql_implementation_info,0,0,,,0,0,0,0,0,0,0,0,,,0,0,0,0
1416388984.37545,pg_catalog,pg_index,3293,300167,235220,334114,515,0,515,0,143,36,2852,338223,1559,269213,,,,
1416388984.37545,pg_catalog,pg_ts_dict,0,0,0,0,0,0,0,0,0,0,0,0,0,0,,,,
1416388984.37545,pg_toast,pg_toast_2604,0,0,0,0,0,0,0,0,0,0,0,0,0,0,,,,
1416388984.37545,pg_toast,pg_toast_12325,0,0,0,0,0,0,0,0,0,0,0,0,0,0,,,,
1416388984.37545,information_schema,sql_sizing,0,0,,,0,0,0,0,0,0,0,0,,,0,0,0,0
1416388984.37545,pg_catalog,pg_proc,0,0,186218,275813,0,0,0,0,0,0,16005,185417,7759,404508,0,0,0,0
1416389044.37856,pg_catalog,pg_attrdef,0,0,0,0,0,0,0,0,0,0,0,0,0,0,0,0,0,0
1416389044.37856,pg_catalog,pg_db_role_setting,0,0,88292,0,0,0,0,0,0,0,0,0,265,88027,0,0,0,0
1416389044.37856,pg_catalog,pg_rowsecurity,0,0,0,0,0,0,0,0,0,0,0,0,0,0,,,,
1416389044.37856,pg_catalog,pg_description,0,0,2932,0,0,0,0,0,0,0,0,0,815,5707,0,0,0,0
1416389044.37856,pg_catalog,pg_foreign_data_wrapper,0,0,0,0,0,0,0,0,0,0,0,0,0,0,,,,
1416389044.37856,pg_catalog,pg_conversion,0,0,0,0,0,0,0,0,0,0,0,0,0,0,,,,
1416389044.37856,public,nation,14,75,25466,25466,25,0,0,0,25,0,2,25469,4,25472,,,,
1416389044.37856,pg_catalog,pg_class,6807,1467347,525007,479586,1173,359,1173,348,337,79,6658,551946,4717,1098091,,,,
1416389044.37856,pg_catalog,pg_opfamily,0,0,0,0,0,0,0,0,0,0,0,0,0,0,,,,
1416389044.37856,pg_catalog,pg_auth_members,0,0,0,0,0,0,0,0,0,0,0,0,0,0,,,,
1416389044.37856,pg_catalog,pg_operator,0,0,161123,844827,0,0,0,0,0,0,4478,584334,3952,349377,,,,
1416389044.37856,pg_toast,pg_toast_12345,0,0,0,0,0,0,0,0,0,0,0,0,0,0,,,,
1416389044.37856,public,part,9,14000000,33,2000032,2000000,0,0,0,2000000,0,119529,369021,5483,130,,,,
1416389044.37856,pg_catalog,pg_attribute,1826,12450,430279,969603,4286,120,4286,120,2514,12,16625,477930,3937,899314,,,,
1416389044.37856,pg_catalog,pg_tablespace,0,0,14991,14991,0,0,0,0,0,0,435,14556,905,29147,,,,
1416389044.37856,pg_catalog,pg_statistic,0,0,118246,113685,968,2666,971,2527,464,91,11892,109856,1372,252753,28701,114832,1248,134718
1416389044.37856,pg_catalog,pg_aggregate,0,0,11208,11208,0,0,0,0,0,0,831,10377,1890,17651,,,,
1416389044.37856,pg_catalog,pg_inherits,0,0,658,0,0,0,0,0,0,0,0,0,283,375,,,,
1416389044.37856,public,supplier,9,500000,25466,25466,100000,0,0,0,100000,0,4491,41114,284,50846,,,,
1416389044.37856,pg_catalog,pg_enum,0,0,0,0,0,0,0,0,0,0,0,0,0,0,,,,
1416389044.37856,public,partsupp,5,24000000,26245,1612430,8000000,0,0,0,8000000,0,511564,2377610,19937,63328,,,,
1416389044.37856,pg_toast,pg_toast_2396,0,0,0,0,0,0,0,0,0,0,0,0,0,0,,,,
1416389044.37856,pg_catalog,pg_pltemplate,0,0,0,0,0,0,0,0,0,0,0,0,0,0,,,,
1416389044.37856,public,region,6362,31785,12,12,5,0,0,0,5,0,2,6369,4,12,,,,
1416389044.37856,pg_toast,pg_toast_2618,0,0,2230,7122,0,0,0,0,0,0,1296,1436,383,3213,,,,
1416389044.37856,pg_toast,pg_toast_3596,0,0,0,0,0,0,0,0,0,0,0,0,0,0,,,,
1416389044.37856,pg_toast,pg_toast_2606,0,0,0,0,0,0,0,0,0,0,0,0,0,0,,,,
1416389044.37856,pg_toast,pg_toast_2964,0,0,0,0,0,0,0,0,0,0,0,0,0,0,,,,
1416389044.37856,pg_toast,pg_toast_12330,0,0,0,0,0,0,0,0,0,0,0,0,0,0,,,,
1416389044.37856,pg_catalog,pg_database,1645,6292,71840,71840,0,0,0,0,0,0,189,73296,1189,114749,,,,
1416389044.37856,information_schema,sql_sizing_profiles,0,0,,,0,0,0,0,0,0,0,0,,,0,0,0,0
1416389044.37856,pg_toast,pg_toast_2620,0,0,0,0,0,0,0,0,0,0,0,0,0,0,,,,
1416389044.37856,pg_catalog,pg_depend,0,0,27379,29444,5027,0,5027,0,6685,1011,4939,35296,6932,71196,,,,
1416389044.37856,pg_catalog,pg_language,0,0,0,0,0,0,0,0,0,0,0,0,0,0,,,,
1416389044.37856,pg_toast,pg_toast_12320,0,0,0,0,0,0,0,0,0,0,0,0,0,0,,,,
1416389044.37856,pg_catalog,pg_amproc,332,664,92212,145147,0,0,0,0,0,0,454,90702,831,205057,,,,
1416389044.37856,pg_catalog,pg_collation,0,0,0,0,0,0,0,0,0,0,0,0,0,0,,,,
1416389044.37856,pg_catalog,pg_range,0,0,5028,0,0,0,0,0,0,0,0,0,2000,8056,,,,
1416389044.37856,pg_toast,pg_toast_2609,0,0,0,0,0,0,0,0,0,0,0,0,0,0,,,,
1416389044.37856,pg_catalog,pg_opclass,332,332,126993,1429223,0,0,0,0,0,0,994,566795,2027,155351,,,,
1416389044.37856,information_schema,sql_packages,0,0,,,0,0,0,0,0,0,0,0,,,0,0,0,0
1416389044.37856,pg_catalog,pg_rewrite,0,0,5248,4171,359,0,359,0,110,29,2633,4613,1198,7756,1296,1436,766,6426
1416389044.37856,pg_toast,pg_toast_1255,0,0,0,0,0,0,0,0,0,0,0,0,0,0,,,,
1416389044.37856,pg_catalog,pg_seclabel,0,0,2932,0,0,0,0,0,0,0,0,0,266,2666,0,0,0,0
1416389044.37856,pg_toast,pg_toast_12335,0,0,0,0,0,0,0,0,0,0,0,0,0,0,,,,
1416389044.37856,pg_catalog,pg_ts_parser,0,0,0,0,0,0,0,0,0,0,0,0,0,0,,,,
1416389044.37856,pg_catalog,pg_trigger,0,0,0,0,0,0,0,0,0,0,0,0,0,0,0,0,0,0
1416389044.37856,public,customer,10,9000000,28,28,1500000,0,0,0,1500000,0,68533,294885,10,114,,,,
1416389044.37856,pg_toast,pg_toast_12340,0,0,0,0,0,0,0,0,0,0,0,0,0,0,,,,
1416389044.37856,pg_catalog,pg_shseclabel,0,0,0,0,0,0,0,0,0,0,0,0,0,0,,,,
1416389044.37856,pg_catalog,pg_event_trigger,0,0,1114,0,0,0,0,0,0,0,0,0,302,812,,,,
1416389044.37856,information_schema,sql_features,0,0,,,0,0,0,0,0,0,0,0,,,0,0,0,0
1416389044.37856,information_schema,sql_languages,0,0,,,0,0,0,0,0,0,0,0,,,0,0,0,0
1416389044.37856,public,lineitem,13,539874468,59,772765,60045669,0,0,0,60046040,0,8936949,4740496,109891,1305768,,,,
1416389044.37856,pg_catalog,pg_foreign_table,0,0,0,0,0,0,0,0,0,0,0,0,0,0,,,,
1416389044.37856,pg_catalog,pg_extension,0,0,0,0,0,0,0,0,0,0,0,0,0,0,,,,
1416389044.37856,pg_catalog,pg_ts_config,0,0,0,0,0,0,0,0,0,0,0,0,0,0,,,,
1416389044.37856,pg_catalog,pg_shdescription,0,0,0,0,0,0,0,0,0,0,0,0,0,0,0,0,0,0
1416389044.37856,pg_catalog,pg_cast,0,0,704189,167207,0,0,0,0,0,0,948,166259,580,723824,,,,
1416389044.37856,pg_catalog,pg_amop,0,0,188728,274655,0,0,0,0,0,0,1388,273267,3060,399255,,,,
1416389044.37856,pg_catalog,pg_user_mapping,0,0,0,0,0,0,0,0,0,0,0,0,0,0,,,,
1416389044.37856,pg_toast,pg_toast_12315,0,0,0,0,0,0,0,0,0,0,0,0,0,0,,,,
1416389044.37856,pg_catalog,pg_type,0,0,498390,493483,1304,0,1304,0,360,61,3316,496004,4847,1024301,,,,
1416389044.37856,pg_catalog,pg_largeobject,0,0,0,0,0,0,0,0,0,0,0,0,0,0,,,,
1416389044.37856,information_schema,sql_parts,0,0,,,0,0,0,0,0,0,0,0,,,0,0,0,0
1416389044.37856,pg_catalog,pg_ts_config_map,0,0,0,0,0,0,0,0,0,0,0,0,0,0,,,,
1416389044.37856,pg_catalog,pg_largeobject_metadata,0,0,0,0,0,0,0,0,0,0,0,0,0,0,,,,
1416389044.37856,pg_catalog,pg_am,21979,21979,0,0,0,0,0,0,0,0,310,21669,0,0,,,,
1416389044.37856,public,orders,10,60000000,30,30,15015000,0,0,0,15015000,0,504810,1559367,2828,132793,,,,
1416389044.37856,pg_catalog,pg_ts_template,0,0,0,0,0,0,0,0,0,0,0,0,0,0,,,,
1416389044.37856,public,time_statistics,4,13,,,6,4,0,4,6,4,2,12,,,,,,
1416389044.37856,pg_catalog,pg_foreign_server,0,0,0,0,0,0,0,0,0,0,0,0,0,0,,,,
1416389044.37856,pg_catalog,pg_namespace,934,79252,119506,98677,2,0,0,0,2,0,497,100051,1427,140546,,,,
1416389044.37856,pg_toast,pg_toast_2619,0,0,87387,292149,3616,0,3378,0,261,16,28701,114832,1248,134718,,,,
1416389044.37856,pg_catalog,pg_authid,528,528,41957,41957,0,0,0,0,0,0,264,42221,1224,82690,,,,
1416389044.37856,pg_catalog,pg_default_acl,0,0,2632,0,0,0,0,0,0,0,0,0,275,2357,,,,
1416389044.37856,pg_catalog,pg_shdepend,0,0,3592,660,0,0,0,0,0,0,302,358,1153,3755,,,,
1416389044.37856,pg_catalog,pg_constraint,0,0,192,96,96,0,96,0,10,0,53,545,96,968,0,0,0,0
1416389044.37856,information_schema,sql_implementation_info,0,0,,,0,0,0,0,0,0,0,0,,,0,0,0,0
1416389044.37856,pg_catalog,pg_index,3298,300882,235264,334171,515,0,515,0,143,36,2854,338300,1563,269264,,,,
1416389044.37856,pg_catalog,pg_ts_dict,0,0,0,0,0,0,0,0,0,0,0,0,0,0,,,,
1416389044.37856,pg_toast,pg_toast_2604,0,0,0,0,0,0,0,0,0,0,0,0,0,0,,,,
1416389044.37856,pg_toast,pg_toast_12325,0,0,0,0,0,0,0,0,0,0,0,0,0,0,,,,
1416389044.37856,information_schema,sql_sizing,0,0,,,0,0,0,0,0,0,0,0,,,0,0,0,0
1416389044.37856,pg_catalog,pg_proc,0,0,186296,275926,0,0,0,0,0,0,16008,185512,7759,404674,0,0,0,0
1416389104.38002,pg_catalog,pg_attrdef,0,0,0,0,0,0,0,0,0,0,0,0,0,0,0,0,0,0
1416389104.38002,pg_catalog,pg_db_role_setting,0,0,88368,0,0,0,0,0,0,0,0,0,266,88102,0,0,0,0
1416389104.38002,pg_catalog,pg_rowsecurity,0,0,0,0,0,0,0,0,0,0,0,0,0,0,,,,
1416389104.38002,pg_catalog,pg_description,0,0,2932,0,0,0,0,0,0,0,0,0,815,5707,0,0,0,0
1416389104.38002,pg_catalog,pg_foreign_data_wrapper,0,0,0,0,0,0,0,0,0,0,0,0,0,0,,,,
1416389104.38002,pg_catalog,pg_conversion,0,0,0,0,0,0,0,0,0,0,0,0,0,0,,,,
1416389104.38002,public,nation,16,125,25470,25470,25,0,0,0,25,0,3,25474,6,25476,,,,
1416389104.38002,pg_catalog,pg_class,6818,1470734,525552,480109,1173,359,1173,348,337,79,6670,552601,4727,1099213,,,,
1416389104.38002,pg_catalog,pg_opfamily,0,0,0,0,0,0,0,0,0,0,0,0,0,0,,,,
1416389104.38002,pg_catalog,pg_auth_members,0,0,0,0,0,0,0,0,0,0,0,0,0,0,,,,
1416389104.38002,pg_catalog,pg_operator,0,0,161232,845513,0,0,0,0,0,0,4492,584800,3961,349614,,,,
1416389104.38002,pg_toast,pg_toast_12345,0,0,0,0,0,0,0,0,0,0,0,0,0,0,,,,
1416389104.38002,public,part,10,16000000,47,2023708,2000000,0,0,0,2000000,0,138363,409551,5678,161,,,,
1416389104.38002,pg_catalog,pg_attribute,1826,12450,430662,970357,4286,120,4286,120,2514,12,16657,478302,3942,900095,,,,
1416389104.38002,pg_catalog,pg_tablespace,0,0,15004,15004,0,0,0,0,0,0,436,14568,907,29171,,,,
1416389104.38002,pg_catalog,pg_statistic,0,0,118336,113757,968,2666,971,2527,464,91,11913,109907,1377,252942,28735,114881,1251,134827
1416389104.38002,pg_catalog,pg_aggregate,0,0,11214,11214,0,0,0,0,0,0,833,10381,1894,17658,,,,
1416389104.38002,pg_catalog,pg_inherits,0,0,658,0,0,0,0,0,0,0,0,0,283,375,,,,
1416389104.38002,public,supplier,9,500000,3311459,3315467,100000,0,0,0,100000,0,4491,3328943,300,6640415,,,,
1416389104.38002,pg_catalog,pg_enum,0,0,0,0,0,0,0,0,0,0,0,0,0,0,,,,
1416389104.38002,public,partsupp,6,32000000,47961,1699234,8000000,0,0,0,8000000,0,640321,2444077,33956,114823,,,,
1416389104.38002,pg_toast,pg_toast_2396,0,0,0,0,0,0,0,0,0,0,0,0,0,0,,,,
1416389104.38002,pg_catalog,pg_pltemplate,0,0,0,0,0,0,0,0,0,0,0,0,0,0,,,,
1416389104.38002,public,region,6362,31785,12,12,5,0,0,0,5,0,2,6369,4,12,,,,
1416389104.38002,pg_toast,pg_toast_2618,0,0,2235,7138,0,0,0,0,0,0,1301,1437,385,3219,,,,
1416389104.38002,pg_toast,pg_toast_3596,0,0,0,0,0,0,0,0,0,0,0,0,0,0,,,,
1416389104.38002,pg_toast,pg_toast_2606,0,0,0,0,0,0,0,0,0,0,0,0,0,0,,,,
1416389104.38002,pg_toast,pg_toast_2964,0,0,0,0,0,0,0,0,0,0,0,0,0,0,,,,
1416389104.38002,pg_toast,pg_toast_12330,0,0,0,0,0,0,0,0,0,0,0,0,0,0,,,,
1416389104.38002,pg_catalog,pg_database,1648,6304,71905,71905,0,0,0,0,0,0,189,73364,1193,114848,,,,
1416389104.38002,information_schema,sql_sizing_profiles,0,0,,,0,0,0,0,0,0,0,0,,,0,0,0,0
1416389104.38002,pg_toast,pg_toast_2620,0,0,0,0,0,0,0,0,0,0,0,0,0,0,,,,
1416389104.38002,pg_catalog,pg_depend,0,0,27379,29444,5027,0,5027,0,6685,1011,4939,35296,6932,71196,,,,
1416389104.38002,pg_catalog,pg_language,0,0,0,0,0,0,0,0,0,0,0,0,0,0,,,,
1416389104.38002,pg_toast,pg_toast_12320,0,0,0,0,0,0,0,0,0,0,0,0,0,0,,,,
1416389104.38002,pg_catalog,pg_amproc,332,664,92274,145245,0,0,0,0,0,0,454,90762,831,205199,,,,
1416389104.38002,pg_catalog,pg_collation,0,0,0,0,0,0,0,0,0,0,0,0,0,0,,,,
1416389104.38002,pg_catalog,pg_range,0,0,5032,0,0,0,0,0,0,0,0,0,2004,8060,,,,
1416389104.38002,pg_toast,pg_toast_2609,0,0,0,0,0,0,0,0,0,0,0,0,0,0,,,,
1416389104.38002,pg_catalog,pg_opclass,332,332,127059,1429780,0,0,0,0,0,0,996,567023,2029,155439,,,,
1416389104.38002,information_schema,sql_packages,0,0,,,0,0,0,0,0,0,0,0,,,0,0,0,0
1416389104.38002,pg_catalog,pg_rewrite,0,0,5256,4179,359,0,359,0,110,29,2639,4615,1200,7768,1301,1437,770,6438
1416389104.38002,pg_toast,pg_toast_1255,0,0,0,0,0,0,0,0,0,0,0,0,0,0,,,,
1416389104.38002,pg_catalog,pg_seclabel,0,0,2932,0,0,0,0,0,0,0,0,0,266,2666,0,0,0,0
1416389104.38002,pg_toast,pg_toast_12335,0,0,0,0,0,0,0,0,0,0,0,0,0,0,,,,
1416389104.38002,pg_catalog,pg_ts_parser,0,0,0,0,0,0,0,0,0,0,0,0,0,0,,,,
1416389104.38002,pg_catalog,pg_trigger,0,0,0,0,0,0,0,0,0,0,0,0,0,0,0,0,0,0
1416389104.38002,public,customer,10,9000000,28,28,1500000,0,0,0,1500000,0,68533,294885,10,114,,,,
1416389104.38002,pg_toast,pg_toast_12340,0,0,0,0,0,0,0,0,0,0,0,0,0,0,,,,
1416389104.38002,pg_catalog,pg_shseclabel,0,0,0,0,0,0,0,0,0,0,0,0,0,0,,,,
1416389104.38002,pg_catalog,pg_event_trigger,0,0,1114,0,0,0,0,0,0,0,0,0,302,812,,,,
1416389104.38002,information_schema,sql_features,0,0,,,0,0,0,0,0,0,0,0,,,0,0,0,0
1416389104.38002,information_schema,sql_languages,0,0,,,0,0,0,0,0,0,0,0,,,0,0,0,0
1416389104.38002,public,lineitem,13,539874468,528576,25708113,60045669,0,0,0,60046040,0,10840579,19657577,264523,3370220,,,,
1416389104.38002,pg_catalog,pg_foreign_table,0,0,0,0,0,0,0,0,0,0,0,0,0,0,,,,
1416389104.38002,pg_catalog,pg_extension,0,0,0,0,0,0,0,0,0,0,0,0,0,0,,,,
1416389104.38002,pg_catalog,pg_ts_config,0,0,0,0,0,0,0,0,0,0,0,0,0,0,,,,
1416389104.38002,pg_catalog,pg_shdescription,0,0,0,0,0,0,0,0,0,0,0,0,0,0,0,0,0,0
1416389104.38002,pg_catalog,pg_cast,0,0,704666,167339,0,0,0,0,0,0,951,166388,582,724317,,,,
1416389104.38002,pg_catalog,pg_amop,0,0,188847,274827,0,0,0,0,0,0,1392,273435,3066,399509,,,,
1416389104.38002,pg_catalog,pg_user_mapping,0,0,0,0,0,0,0,0,0,0,0,0,0,0,,,,
1416389104.38002,pg_toast,pg_toast_12315,0,0,0,0,0,0,0,0,0,0,0,0,0,0,,,,
1416389104.38002,pg_catalog,pg_type,0,0,498831,493924,1304,0,1304,0,360,61,3320,496441,4854,1025197,,,,
1416389104.38002,pg_catalog,pg_largeobject,0,0,0,0,0,0,0,0,0,0,0,0,0,0,,,,
1416389104.38002,information_schema,sql_parts,0,0,,,0,0,0,0,0,0,0,0,,,0,0,0,0
1416389104.38002,pg_catalog,pg_ts_config_map,0,0,0,0,0,0,0,0,0,0,0,0,0,0,,,,
1416389104.38002,pg_catalog,pg_largeobject_metadata,0,0,0,0,0,0,0,0,0,0,0,0,0,0,,,,
1416389104.38002,pg_catalog,pg_am,21997,21997,0,0,0,0,0,0,0,0,310,21687,0,0,,,,
1416389104.38002,public,orders,10,60000000,3286014,3286014,15015000,0,0,0,15015000,0,1046911,4303250,43914,9967771,,,,
1416389104.38002,pg_catalog,pg_ts_template,0,0,0,0,0,0,0,0,0,0,0,0,0,0,,,,
1416389104.38002,public,time_statistics,8,43,,,10,8,0,8,10,8,3,23,,,,,,
1416389104.38002,pg_catalog,pg_foreign_server,0,0,0,0,0,0,0,0,0,0,0,0,0,0,,,,
1416389104.38002,pg_catalog,pg_namespace,936,79424,119702,98855,2,0,0,0,2,0,499,100231,1431,140758,,,,
1416389104.38002,pg_toast,pg_toast_2619,0,0,87439,292322,3616,0,3378,0,261,16,28735,114881,1251,134827,,,,
1416389104.38002,pg_catalog,pg_authid,529,529,41991,41991,0,0,0,0,0,0,265,42255,1228,82754,,,,
1416389104.38002,pg_catalog,pg_default_acl,0,0,2632,0,0,0,0,0,0,0,0,0,275,2357,,,,
1416389104.38002,pg_catalog,pg_shdepend,0,0,3592,660,0,0,0,0,0,0,302,358,1153,3755,,,,
1416389104.38002,pg_catalog,pg_constraint,0,0,192,96,96,0,96,0,10,0,53,545,96,968,0,0,0,0
1416389104.38002,information_schema,sql_implementation_info,0,0,,,0,0,0,0,0,0,0,0,,,0,0,0,0
1416389104.38002,pg_catalog,pg_index,3303,301597,235413,334383,515,0,515,0,143,36,2860,338526,1565,269439,,,,
1416389104.38002,pg_catalog,pg_ts_dict,0,0,0,0,0,0,0,0,0,0,0,0,0,0,,,,
1416389104.38002,pg_toast,pg_toast_2604,0,0,0,0,0,0,0,0,0,0,0,0,0,0,,,,
1416389104.38002,pg_toast,pg_toast_12325,0,0,0,0,0,0,0,0,0,0,0,0,0,0,,,,
1416389104.38002,information_schema,sql_sizing,0,0,,,0,0,0,0,0,0,0,0,,,0,0,0,0
1416389104.38002,pg_catalog,pg_proc,0,0,186473,276186,0,0,0,0,0,0,16030,185695,7775,405048,0,0,0,0
1416389164.38108,pg_catalog,pg_attrdef,0,0,0,0,0,0,0,0,0,0,0,0,0,0,0,0,0,0
1416389164.38108,pg_catalog,pg_db_role_setting,0,0,88420,0,0,0,0,0,0,0,0,0,266,88154,0,0,0,0
1416389164.38108,pg_catalog,pg_rowsecurity,0,0,0,0,0,0,0,0,0,0,0,0,0,0,,,,
1416389164.38108,pg_catalog,pg_description,0,0,2932,0,0,0,0,0,0,0,0,0,815,5707,0,0,0,0
1416389164.38108,pg_catalog,pg_foreign_data_wrapper,0,0,0,0,0,0,0,0,0,0,0,0,0,0,,,,
1416389164.38108,pg_catalog,pg_conversion,0,0,0,0,0,0,0,0,0,0,0,0,0,0,,,,
1416389164.38108,public,nation,18,175,25476,25476,25,0,0,0,25,0,4,25481,8,25481,,,,
1416389164.38108,pg_catalog,pg_class,6827,1473447,526009,480552,1173,359,1173,348,337,79,6671,553161,4729,1100151,,,,
1416389164.38108,pg_catalog,pg_opfamily,0,0,0,0,0,0,0,0,0,0,0,0,0,0,,,,
1416389164.38108,pg_catalog,pg_auth_members,0,0,0,0,0,0,0,0,0,0,0,0,0,0,,,,
1416389164.38108,pg_catalog,pg_operator,0,0,161289,845845,0,0,0,0,0,0,4492,585027,3961,349743,,,,
1416389164.38108,pg_toast,pg_toast_12345,0,0,0,0,0,0,0,0,0,0,0,0,0,0,,,,
1416389164.38108,public,part,10,16000000,52,2036964,2000000,0,0,0,2000000,0,149670,409563,5746,178,,,,
1416389164.38108,pg_catalog,pg_attribute,1826,12450,430960,970906,4286,120,4286,120,2514,12,16660,478611,3942,900705,,,,
1416389164.38108,pg_catalog,pg_tablespace,0,0,15013,15013,0,0,0,0,0,0,436,14577,907,29189,,,,
1416389164.38108,pg_catalog,pg_statistic,0,0,118396,113805,968,2666,971,2527,464,91,11924,109944,1377,253070,28745,114912,1251,134887
1416389164.38108,pg_catalog,pg_aggregate,0,0,11217,11217,0,0,0,0,0,0,833,10384,1894,17664,,,,
1416389164.38108,pg_catalog,pg_inherits,0,0,658,0,0,0,0,0,0,0,0,0,283,375,,,,
1416389164.38108,public,supplier,9,500000,3335469,3339477,100000,0,0,0,100000,0,6630,3350814,578,6688283,,,,
1416389164.38108,pg_catalog,pg_enum,0,0,0,0,0,0,0,0,0,0,0,0,0,0,,,,
1416389164.38108,public,partsupp,6,32000000,47961,1699234,8000000,0,0,0,8000000,0,640321,2444077,33956,114823,,,,
1416389164.38108,pg_toast,pg_toast_2396,0,0,0,0,0,0,0,0,0,0,0,0,0,0,,,,
1416389164.38108,pg_catalog,pg_pltemplate,0,0,0,0,0,0,0,0,0,0,0,0,0,0,,,,
1416389164.38108,public,region,6363,31790,14,14,5,0,0,0,5,0,3,6371,6,13,,,,
1416389164.38108,pg_toast,pg_toast_2618,0,0,2240,7154,0,0,0,0,0,0,1306,1438,386,3226,,,,
1416389164.38108,pg_toast,pg_toast_3596,0,0,0,0,0,0,0,0,0,0,0,0,0,0,,,,
1416389164.38108,pg_toast,pg_toast_2606,0,0,0,0,0,0,0,0,0,0,0,0,0,0,,,,
1416389164.38108,pg_toast,pg_toast_2964,0,0,0,0,0,0,0,0,0,0,0,0,0,0,,,,
1416389164.38108,pg_toast,pg_toast_12330,0,0,0,0,0,0,0,0,0,0,0,0,0,0,,,,
1416389164.38108,pg_catalog,pg_database,1651,6316,71951,71951,0,0,0,0,0,0,189,73413,1193,114920,,,,
1416389164.38108,information_schema,sql_sizing_profiles,0,0,,,0,0,0,0,0,0,0,0,,,0,0,0,0
1416389164.38108,pg_toast,pg_toast_2620,0,0,0,0,0,0,0,0,0,0,0,0,0,0,,,,
1416389164.38108,pg_catalog,pg_depend,0,0,27379,29444,5027,0,5027,0,6685,1011,4939,35296,6932,71196,,,,
1416389164.38108,pg_catalog,pg_language,0,0,0,0,0,0,0,0,0,0,0,0,0,0,,,,
1416389164.38108,pg_toast,pg_toast_12320,0,0,0,0,0,0,0,0,0,0,0,0,0,0,,,,
1416389164.38108,pg_catalog,pg_amproc,332,664,92314,145308,0,0,0,0,0,0,454,90802,831,205291,,,,
1416389164.38108,pg_catalog,pg_collation,0,0,0,0,0,0,0,0,0,0,0,0,0,0,,,,
1416389164.38108,pg_catalog,pg_range,0,0,5035,0,0,0,0,0,0,0,0,0,2004,8066,,,,
1416389164.38108,pg_toast,pg_toast_2609,0,0,0,0,0,0,0,0,0,0,0,0,0,0,,,,
1416389164.38108,pg_catalog,pg_opclass,332,332,127108,1430320,0,0,0,0,0,0,996,567236,2029,155504,,,,
1416389164.38108,information_schema,sql_packages,0,0,,,0,0,0,0,0,0,0,0,,,0,0,0,0
1416389164.38108,pg_catalog,pg_rewrite,0,0,5262,4185,359,0,359,0,110,29,2643,4617,1200,7778,1306,1438,772,6452
1416389164.38108,pg_toast,pg_toast_1255,0,0,0,0,0,0,0,0,0,0,0,0,0,0,,,,
1416389164.38108,pg_catalog,pg_seclabel,0,0,2932,0,0,0,0,0,0,0,0,0,266,2666,0,0,0,0
1416389164.38108,pg_toast,pg_toast_12335,0,0,0,0,0,0,0,0,0,0,0,0,0,0,,,,
1416389164.38108,pg_catalog,pg_ts_parser,0,0,0,0,0,0,0,0,0,0,0,0,0,0,,,,
1416389164.38108,pg_catalog,pg_trigger,0,0,0,0,0,0,0,0,0,0,0,0,0,0,0,0,0,0
1416389164.38108,public,customer,11,10500000,41,299529,1500000,0,0,0,1500000,0,103811,440207,845,145,,,,
1416389164.38108,pg_toast,pg_toast_12340,0,0,0,0,0,0,0,0,0,0,0,0,0,0,,,,
1416389164.38108,pg_catalog,pg_shseclabel,0,0,0,0,0,0,0,0,0,0,0,0,0,0,,,,
1416389164.38108,pg_catalog,pg_event_trigger,0,0,1114,0,0,0,0,0,0,0,0,0,302,812,,,,
1416389164.38108,information_schema,sql_features,0,0,,,0,0,0,0,0,0,0,0,,,0,0,0,0
1416389164.38108,information_schema,sql_languages,0,0,,,0,0,0,0,0,0,0,0,,,0,0,0,0
1416389164.38108,public,lineitem,15,659965806,541840,26106154,60045669,0,0,0,60046040,0,11446143,21583001,279815,3410096,,,,
1416389164.38108,pg_catalog,pg_foreign_table,0,0,0,0,0,0,0,0,0,0,0,0,0,0,,,,
1416389164.38108,pg_catalog,pg_extension,0,0,0,0,0,0,0,0,0,0,0,0,0,0,,,,
1416389164.38108,pg_catalog,pg_ts_config,0,0,0,0,0,0,0,0,0,0,0,0,0,0,,,,
1416389164.38108,pg_catalog,pg_shdescription,0,0,0,0,0,0,0,0,0,0,0,0,0,0,0,0,0,0
1416389164.38108,pg_catalog,pg_cast,0,0,704999,167412,0,0,0,0,0,0,951,166461,582,724660,,,,
1416389164.38108,pg_catalog,pg_amop,0,0,188924,274940,0,0,0,0,0,0,1392,273548,3066,399675,,,,
1416389164.38108,pg_catalog,pg_user_mapping,0,0,0,0,0,0,0,0,0,0,0,0,0,0,,,,
1416389164.38108,pg_toast,pg_toast_12315,0,0,0,0,0,0,0,0,0,0,0,0,0,0,,,,
1416389164.38108,pg_catalog,pg_type,0,0,499091,494184,1304,0,1304,0,360,61,3320,496701,4858,1025724,,,,
1416389164.38108,pg_catalog,pg_largeobject,0,0,0,0,0,0,0,0,0,0,0,0,0,0,,,,
1416389164.38108,information_schema,sql_parts,0,0,,,0,0,0,0,0,0,0,0,,,0,0,0,0
1416389164.38108,pg_catalog,pg_ts_config_map,0,0,0,0,0,0,0,0,0,0,0,0,0,0,,,,
1416389164.38108,pg_catalog,pg_largeobject_metadata,0,0,0,0,0,0,0,0,0,0,0,0,0,0,,,,
1416389164.38108,pg_catalog,pg_am,22009,22009,0,0,0,0,0,0,0,0,310,21699,0,0,,,,
1416389164.38108,public,orders,11,75015000,3684051,3407321,15015000,0,0,0,15015000,0,1306742,4418248,85122,11122166,,,,
1416389164.38108,pg_catalog,pg_ts_template,0,0,0,0,0,0,0,0,0,0,0,0,0,0,,,,
1416389164.38108,public,time_statistics,10,64,,,12,10,0,10,12,10,3,29,,,,,,
1416389164.38108,pg_catalog,pg_foreign_server,0,0,0,0,0,0,0,0,0,0,0,0,0,0,,,,
1416389164.38108,pg_catalog,pg_namespace,938,79596,119874,99017,2,0,0,0,2,0,500,100396,1432,140941,,,,
1416389164.38108,pg_toast,pg_toast_2619,0,0,87467,292405,3616,0,3378,0,261,16,28745,114912,1251,134887,,,,
1416389164.38108,pg_catalog,pg_authid,530,530,42013,42013,0,0,0,0,0,0,265,42278,1228,82798,,,,
1416389164.38108,pg_catalog,pg_default_acl,0,0,2632,0,0,0,0,0,0,0,0,0,275,2357,,,,
1416389164.38108,pg_catalog,pg_shdepend,0,0,3592,660,0,0,0,0,0,0,302,358,1153,3755,,,,
1416389164.38108,pg_catalog,pg_constraint,0,0,192,96,96,0,96,0,10,0,53,545,96,968,0,0,0,0
1416389164.38108,information_schema,sql_implementation_info,0,0,,,0,0,0,0,0,0,0,0,,,0,0,0,0
1416389164.38108,pg_catalog,pg_index,3308,302312,235516,334529,515,0,515,0,143,36,2860,338696,1565,269560,,,,
1416389164.38108,pg_catalog,pg_ts_dict,0,0,0,0,0,0,0,0,0,0,0,0,0,0,,,,
1416389164.38108,pg_toast,pg_toast_2604,0,0,0,0,0,0,0,0,0,0,0,0,0,0,,,,
1416389164.38108,pg_toast,pg_toast_12325,0,0,0,0,0,0,0,0,0,0,0,0,0,0,,,,
1416389164.38108,information_schema,sql_sizing,0,0,,,0,0,0,0,0,0,0,0,,,0,0,0,0
1416389164.38108,pg_catalog,pg_proc,0,0,186595,276357,0,0,0,0,0,0,16035,185832,7775,405312,0,0,0,0
1416389224.38519,pg_catalog,pg_attrdef,0,0,0,0,0,0,0,0,0,0,0,0,0,0,0,0,0,0
1416389224.38519,pg_catalog,pg_db_role_setting,0,0,88472,0,0,0,0,0,0,0,0,0,266,88206,0,0,0,0
1416389224.38519,pg_catalog,pg_rowsecurity,0,0,0,0,0,0,0,0,0,0,0,0,0,0,,,,
1416389224.38519,pg_catalog,pg_description,0,0,2932,0,0,0,0,0,0,0,0,0,815,5707,0,0,0,0
1416389224.38519,pg_catalog,pg_foreign_data_wrapper,0,0,0,0,0,0,0,0,0,0,0,0,0,0,,,,
1416389224.38519,pg_catalog,pg_conversion,0,0,0,0,0,0,0,0,0,0,0,0,0,0,,,,
1416389224.38519,public,nation,19,200,25478,25478,25,0,0,0,25,0,4,25484,8,25484,,,,
1416389224.38519,pg_catalog,pg_class,6837,1476497,526434,480967,1173,359,1173,348,337,79,6672,553706,4731,1101024,,,,
1416389224.38519,pg_catalog,pg_opfamily,0,0,0,0,0,0,0,0,0,0,0,0,0,0,,,,
1416389224.38519,pg_catalog,pg_auth_members,0,0,0,0,0,0,0,0,0,0,0,0,0,0,,,,
1416389224.38519,pg_catalog,pg_operator,0,0,161334,846012,0,0,0,0,0,0,4492,585144,3961,349849,,,,
1416389224.38519,pg_toast,pg_toast_12345,0,0,0,0,0,0,0,0,0,0,0,0,0,0,,,,
1416389224.38519,public,part,10,16000000,52,2036964,2000000,0,0,0,2000000,0,149670,409563,5746,178,,,,
1416389224.38519,pg_catalog,pg_attribute,1826,12450,431227,971389,4286,120,4286,120,2514,12,16663,478886,3942,901250,,,,
1416389224.38519,pg_catalog,pg_tablespace,0,0,15022,15022,0,0,0,0,0,0,436,14586,907,29207,,,,
1416389224.38519,pg_catalog,pg_statistic,0,0,118446,113843,968,2666,971,2527,464,91,11934,109972,1377,253179,28756,114932,1251,134932
1416389224.38519,pg_catalog,pg_aggregate,0,0,11221,11221,0,0,0,0,0,0,833,10388,1894,17671,,,,
1416389224.38519,pg_catalog,pg_inherits,0,0,658,0,0,0,0,0,0,0,0,0,283,375,,,,
1416389224.38519,public,supplier,9,500000,3335474,3343476,100000,0,0,0,100000,0,6630,3352666,591,6688294,,,,
1416389224.38519,pg_catalog,pg_enum,0,0,0,0,0,0,0,0,0,0,0,0,0,0,,,,
1416389224.38519,public,partsupp,6,32000000,47961,1699234,8000000,0,0,0,8000000,0,640321,2444077,33956,114823,,,,
1416389224.38519,pg_toast,pg_toast_2396,0,0,0,0,0,0,0,0,0,0,0,0,0,0,,,,
1416389224.38519,pg_catalog,pg_pltemplate,0,0,0,0,0,0,0,0,0,0,0,0,0,0,,,,
1416389224.38519,public,region,6363,31790,14,14,5,0,0,0,5,0,3,6371,6,13,,,,
1416389224.38519,pg_toast,pg_toast_2618,0,0,2245,7170,0,0,0,0,0,0,1311,1439,387,3233,,,,
1416389224.38519,pg_toast,pg_toast_3596,0,0,0,0,0,0,0,0,0,0,0,0,0,0,,,,
1416389224.38519,pg_toast,pg_toast_2606,0,0,0,0,0,0,0,0,0,0,0,0,0,0,,,,
1416389224.38519,pg_toast,pg_toast_2964,0,0,0,0,0,0,0,0,0,0,0,0,0,0,,,,
1416389224.38519,pg_toast,pg_toast_12330,0,0,0,0,0,0,0,0,0,0,0,0,0,0,,,,
1416389224.38519,pg_catalog,pg_database,1654,6328,71998,71998,0,0,0,0,0,0,189,73463,1193,114993,,,,
1416389224.38519,information_schema,sql_sizing_profiles,0,0,,,0,0,0,0,0,0,0,0,,,0,0,0,0
1416389224.38519,pg_toast,pg_toast_2620,0,0,0,0,0,0,0,0,0,0,0,0,0,0,,,,
1416389224.38519,pg_catalog,pg_depend,0,0,27379,29444,5027,0,5027,0,6685,1011,4939,35296,6932,71196,,,,
1416389224.38519,pg_catalog,pg_language,0,0,0,0,0,0,0,0,0,0,0,0,0,0,,,,
1416389224.38519,pg_toast,pg_toast_12320,0,0,0,0,0,0,0,0,0,0,0,0,0,0,,,,
1416389224.38519,pg_catalog,pg_amproc,332,664,92352,145365,0,0,0,0,0,0,454,90839,831,205376,,,,
1416389224.38519,pg_catalog,pg_collation,0,0,0,0,0,0,0,0,0,0,0,0,0,0,,,,
1416389224.38519,pg_catalog,pg_range,0,0,5037,0,0,0,0,0,0,0,0,0,2006,8068,,,,
1416389224.38519,pg_toast,pg_toast_2609,0,0,0,0,0,0,0,0,0,0,0,0,0,0,,,,
1416389224.38519,pg_catalog,pg_opclass,332,332,127154,1430857,0,0,0,0,0,0,996,567446,2029,155564,,,,
1416389224.38519,information_schema,sql_packages,0,0,,,0,0,0,0,0,0,0,0,,,0,0,0,0
1416389224.38519,pg_catalog,pg_rewrite,0,0,5269,4192,359,0,359,0,110,29,2648,4619,1200,7790,1311,1439,774,6466
1416389224.38519,pg_toast,pg_toast_1255,0,0,0,0,0,0,0,0,0,0,0,0,0,0,,,,
1416389224.38519,pg_catalog,pg_seclabel,0,0,2932,0,0,0,0,0,0,0,0,0,266,2666,0,0,0,0
1416389224.38519,pg_toast,pg_toast_12335,0,0,0,0,0,0,0,0,0,0,0,0,0,0,,,,
1416389224.38519,pg_catalog,pg_ts_parser,0,0,0,0,0,0,0,0,0,0,0,0,0,0,,,,
1416389224.38519,pg_catalog,pg_trigger,0,0,0,0,0,0,0,0,0,0,0,0,0,0,0,0,0,0
1416389224.38519,public,customer,12,12000000,43,299531,1500000,0,0,0,1500000,0,126206,453092,854,147,,,,
1416389224.38519,pg_toast,pg_toast_12340,0,0,0,0,0,0,0,0,0,0,0,0,0,0,,,,
1416389224.38519,pg_catalog,pg_shseclabel,0,0,0,0,0,0,0,0,0,0,0,0,0,0,,,,
1416389224.38519,pg_catalog,pg_event_trigger,0,0,1114,0,0,0,0,0,0,0,0,0,302,812,,,,
1416389224.38519,information_schema,sql_features,0,0,,,0,0,0,0,0,0,0,0,,,0,0,0,0
1416389224.38519,information_schema,sql_languages,0,0,,,0,0,0,0,0,0,0,0,,,0,0,0,0
1416389224.38519,public,lineitem,15,659965806,1978454,65867551,60045669,0,0,0,60046040,0,12237633,23398009,546690,8998565,,,,
1416389224.38519,pg_catalog,pg_foreign_table,0,0,0,0,0,0,0,0,0,0,0,0,0,0,,,,
1416389224.38519,pg_catalog,pg_extension,0,0,0,0,0,0,0,0,0,0,0,0,0,0,,,,
1416389224.38519,pg_catalog,pg_ts_config,0,0,0,0,0,0,0,0,0,0,0,0,0,0,,,,
1416389224.38519,pg_catalog,pg_shdescription,0,0,0,0,0,0,0,0,0,0,0,0,0,0,0,0,0,0
1416389224.38519,pg_catalog,pg_cast,0,0,705222,167475,0,0,0,0,0,0,951,166524,582,724894,,,,
1416389224.38519,pg_catalog,pg_amop,0,0,189000,275047,0,0,0,0,0,0,1392,273655,3066,399841,,,,
1416389224.38519,pg_catalog,pg_user_mapping,0,0,0,0,0,0,0,0,0,0,0,0,0,0,,,,
1416389224.38519,pg_toast,pg_toast_12315,0,0,0,0,0,0,0,0,0,0,0,0,0,0,,,,
1416389224.38519,pg_catalog,pg_type,0,0,499302,494393,1304,0,1304,0,360,61,3320,496910,4861,1026155,,,,
1416389224.38519,pg_catalog,pg_largeobject,0,0,0,0,0,0,0,0,0,0,0,0,0,0,,,,
1416389224.38519,information_schema,sql_parts,0,0,,,0,0,0,0,0,0,0,0,,,0,0,0,0
1416389224.38519,pg_catalog,pg_ts_config_map,0,0,0,0,0,0,0,0,0,0,0,0,0,0,,,,
1416389224.38519,pg_catalog,pg_largeobject_metadata,0,0,0,0,0,0,0,0,0,0,0,0,0,0,,,,
1416389224.38519,pg_catalog,pg_am,22018,22018,0,0,0,0,0,0,0,0,310,21708,0,0,,,,
1416389224.38519,public,orders,12,90030000,5200374,4923644,15015000,0,0,0,15015000,0,1509060,5985775,85158,15679448,,,,
1416389224.38519,pg_catalog,pg_ts_template,0,0,0,0,0,0,0,0,0,0,0,0,0,0,,,,
1416389224.38519,public,time_statistics,12,89,,,14,12,0,12,14,12,3,35,,,,,,
1416389224.38519,pg_catalog,pg_foreign_server,0,0,0,0,0,0,0,0,0,0,0,0,0,0,,,,
1416389224.38519,pg_catalog,pg_namespace,940,79768,120048,99180,2,0,0,0,2,0,501,100562,1433,141127,,,,
1416389224.38519,pg_toast,pg_toast_2619,0,0,87487,292469,3616,0,3378,0,261,16,28756,114932,1251,134932,,,,
1416389224.38519,pg_catalog,pg_authid,531,531,42035,42035,0,0,0,0,0,0,265,42301,1228,82842,,,,
1416389224.38519,pg_catalog,pg_default_acl,0,0,2632,0,0,0,0,0,0,0,0,0,275,2357,,,,
1416389224.38519,pg_catalog,pg_shdepend,0,0,3592,660,0,0,0,0,0,0,302,358,1153,3755,,,,
1416389224.38519,pg_catalog,pg_constraint,0,0,192,96,96,0,96,0,10,0,53,545,96,968,0,0,0,0
1416389224.38519,information_schema,sql_implementation_info,0,0,,,0,0,0,0,0,0,0,0,,,0,0,0,0
1416389224.38519,pg_catalog,pg_index,3313,303027,235598,334641,515,0,515,0,143,36,2860,338830,1565,269658,,,,
1416389224.38519,pg_catalog,pg_ts_dict,0,0,0,0,0,0,0,0,0,0,0,0,0,0,,,,
1416389224.38519,pg_toast,pg_toast_2604,0,0,0,0,0,0,0,0,0,0,0,0,0,0,,,,
1416389224.38519,pg_toast,pg_toast_12325,0,0,0,0,0,0,0,0,0,0,0,0,0,0,,,,
1416389224.38519,information_schema,sql_sizing,0,0,,,0,0,0,0,0,0,0,0,,,0,0,0,0
1416389224.38519,pg_catalog,pg_proc,0,0,186710,276509,0,0,0,0,0,0,16046,185956,7777,405562,0,0,0,0
1416389284.38862,pg_catalog,pg_attrdef,0,0,0,0,0,0,0,0,0,0,0,0,0,0,0,0,0,0
1416389284.38862,pg_catalog,pg_db_role_setting,0,0,88572,0,0,0,0,0,0,0,0,0,266,88306,0,0,0,0
1416389284.38862,pg_catalog,pg_rowsecurity,0,0,0,0,0,0,0,0,0,0,0,0,0,0,,,,
1416389284.38862,pg_catalog,pg_description,0,0,2936,0,0,0,0,0,0,0,0,0,818,5713,0,0,0,0
1416389284.38862,pg_catalog,pg_foreign_data_wrapper,0,0,0,0,0,0,0,0,0,0,0,0,0,0,,,,
1416389284.38862,pg_catalog,pg_conversion,0,0,0,0,0,0,0,0,0,0,0,0,0,0,,,,
1416389284.38862,public,nation,21,250,25482,25482,25,0,0,0,25,0,5,25489,10,25487,,,,
1416389284.38862,pg_catalog,pg_class,6847,1479547,527031,481534,1174,360,1174,349,337,81,6675,554408,4734,1102274,,,,
1416389284.38862,pg_catalog,pg_opfamily,0,0,0,0,0,0,0,0,0,0,0,0,0,0,,,,
1416389284.38862,pg_catalog,pg_auth_members,0,0,0,0,0,0,0,0,0,0,0,0,0,0,,,,
1416389284.38862,pg_catalog,pg_operator,0,0,161454,846658,0,0,0,0,0,0,4492,585586,3962,350121,,,,
1416389284.38862,pg_toast,pg_toast_12345,0,0,0,0,0,0,0,0,0,0,0,0,0,0,,,,
1416389284.38862,public,part,10,16000000,62,2358008,2000000,0,0,0,2000000,0,190178,409565,6645,189,,,,
1416389284.38862,pg_catalog,pg_attribute,1826,12450,431646,972234,4288,120,4288,120,2514,14,16676,479328,3945,902120,,,,
1416389284.38862,pg_catalog,pg_tablespace,0,0,15039,15039,0,0,0,0,0,0,436,14603,907,29241,,,,
1416389284.38862,pg_catalog,pg_statistic,0,0,118540,113912,968,2666,971,2527,464,91,11939,110036,1377,253384,28795,114978,1251,135045
1416389284.38862,pg_catalog,pg_aggregate,0,0,11231,11231,0,0,0,0,0,0,833,10398,1894,17688,,,,
1416389284.38862,pg_catalog,pg_inherits,0,0,659,0,0,0,0,0,0,0,0,0,284,375,,,,
1416389284.38862,public,supplier,9,500000,3335486,3386525,100000,0,0,0,100000,0,9204,3354702,709,6688325,,,,
1416389284.38862,pg_catalog,pg_enum,0,0,0,0,0,0,0,0,0,0,0,0,0,0,,,,
1416389284.38862,public,partsupp,7,40000000,56029,2343884,8000000,0,0,0,8000000,0,855028,3044978,38502,136299,,,,
1416389284.38862,pg_toast,pg_toast_2396,0,0,0,0,0,0,0,0,0,0,0,0,0,0,,,,
1416389284.38862,pg_catalog,pg_pltemplate,0,0,0,0,0,0,0,0,0,0,0,0,0,0,,,,
1416389284.38862,public,region,6363,31790,14,14,5,0,0,0,5,0,3,6371,6,13,,,,
1416389284.38862,pg_toast,pg_toast_2618,0,0,2250,7186,0,0,0,0,0,0,1311,1445,387,3241,,,,
1416389284.38862,pg_toast,pg_toast_3596,0,0,0,0,0,0,0,0,0,0,0,0,0,0,,,,
1416389284.38862,pg_toast,pg_toast_2606,0,0,0,0,0,0,0,0,0,0,0,0,0,0,,,,
1416389284.38862,pg_toast,pg_toast_2964,0,0,0,0,0,0,0,0,0,0,0,0,0,0,,,,
1416389284.38862,pg_toast,pg_toast_12330,0,0,0,0,0,0,0,0,0,0,0,0,0,0,,,,
1416389284.38862,pg_catalog,pg_database,1657,6340,72081,72081,0,0,0,0,0,0,189,73549,1193,115126,,,,
1416389284.38862,information_schema,sql_sizing_profiles,0,0,,,0,0,0,0,0,0,0,0,,,0,0,0,0
1416389284.38862,pg_toast,pg_toast_2620,0,0,0,0,0,0,0,0,0,0,0,0,0,0,,,,
1416389284.38862,pg_catalog,pg_depend,0,0,27423,29496,5036,0,5036,0,6685,1020,4955,35342,6953,71301,,,,
1416389284.38862,pg_catalog,pg_language,0,0,0,0,0,0,0,0,0,0,0,0,0,0,,,,
1416389284.38862,pg_toast,pg_toast_12320,0,0,0,0,0,0,0,0,0,0,0,0,0,0,,,,
1416389284.38862,pg_catalog,pg_amproc,332,664,92438,145495,0,0,0,0,0,0,454,90923,831,205572,,,,
1416389284.38862,pg_catalog,pg_collation,0,0,0,0,0,0,0,0,0,0,0,0,0,0,,,,
1416389284.38862,pg_catalog,pg_range,0,0,5043,0,0,0,0,0,0,0,0,0,2006,8080,,,,
1416389284.38862,pg_toast,pg_toast_2609,0,0,0,0,0,0,0,0,0,0,0,0,0,0,,,,
1416389284.38862,pg_catalog,pg_opclass,332,332,127261,1432103,0,0,0,0,0,0,996,567941,2029,155704,,,,
1416389284.38862,information_schema,sql_packages,0,0,,,0,0,0,0,0,0,0,0,,,0,0,0,0
1416389284.38862,pg_catalog,pg_rewrite,0,0,5282,4202,360,0,360,0,110,30,2653,4632,1202,7810,1311,1445,774,6482
1416389284.38862,pg_toast,pg_toast_1255,0,0,0,0,0,0,0,0,0,0,0,0,0,0,,,,
1416389284.38862,pg_catalog,pg_seclabel,0,0,2936,0,0,0,0,0,0,0,0,0,267,2669,0,0,0,0
1416389284.38862,pg_toast,pg_toast_12335,0,0,0,0,0,0,0,0,0,0,0,0,0,0,,,,
1416389284.38862,pg_catalog,pg_ts_parser,0,0,0,0,0,0,0,0,0,0,0,0,0,0,,,,
1416389284.38862,pg_catalog,pg_trigger,0,0,0,0,0,0,0,0,0,0,0,0,0,0,0,0,0,0
1416389284.38862,public,customer,12,12000000,64,1171891,1500000,0,0,0,1500000,0,126206,558820,3601,188,,,,
1416389284.38862,pg_toast,pg_toast_12340,0,0,0,0,0,0,0,0,0,0,0,0,0,0,,,,
1416389284.38862,pg_catalog,pg_shseclabel,0,0,0,0,0,0,0,0,0,0,0,0,0,0,,,,
1416389284.38862,pg_catalog,pg_event_trigger,0,0,1115,0,0,0,0,0,0,0,0,0,303,812,,,,
1416389284.38862,information_schema,sql_features,0,0,,,0,0,0,0,0,0,0,0,,,0,0,0,0
1416389284.38862,information_schema,sql_languages,0,0,,,0,0,0,0,0,0,0,0,,,0,0,0,0
1416389284.38862,public,lineitem,16,720011475,2552674,70889717,60045669,0,0,0,60046040,0,14189018,24345143,662312,11193730,,,,
1416389284.38862,pg_catalog,pg_foreign_table,0,0,0,0,0,0,0,0,0,0,0,0,0,0,,,,
1416389284.38862,pg_catalog,pg_extension,0,0,0,0,0,0,0,0,0,0,0,0,0,0,,,,
1416389284.38862,pg_catalog,pg_ts_config,0,0,0,0,0,0,0,0,0,0,0,0,0,0,,,,
1416389284.38862,pg_catalog,pg_shdescription,0,0,0,0,0,0,0,0,0,0,0,0,0,0,0,0,0,0
1416389284.38862,pg_catalog,pg_cast,0,0,705877,167625,0,0,0,0,0,0,951,166674,582,725572,,,,
1416389284.38862,pg_catalog,pg_amop,0,0,189155,275276,0,0,0,0,0,0,1392,273884,3067,400176,,,,
1416389284.38862,pg_catalog,pg_user_mapping,0,0,0,0,0,0,0,0,0,0,0,0,0,0,,,,
1416389284.38862,pg_toast,pg_toast_12315,0,0,0,0,0,0,0,0,0,0,0,0,0,0,,,,
1416389284.38862,pg_catalog,pg_type,0,0,499828,494912,1306,0,1306,0,360,63,3325,497433,4864,1027239,,,,
1416389284.38862,pg_catalog,pg_largeobject,0,0,0,0,0,0,0,0,0,0,0,0,0,0,,,,
1416389284.38862,information_schema,sql_parts,0,0,,,0,0,0,0,0,0,0,0,,,0,0,0,0
1416389284.38862,pg_catalog,pg_ts_config_map,0,0,0,0,0,0,0,0,0,0,0,0,0,0,,,,
1416389284.38862,pg_catalog,pg_largeobject_metadata,0,0,0,0,0,0,0,0,0,0,0,0,0,0,,,,
1416389284.38862,pg_catalog,pg_am,22042,22042,0,0,0,0,0,0,0,0,310,21732,0,0,,,,
1416389284.38862,public,orders,14,120060000,5200379,5497862,15015000,0,0,0,15015000,0,1509060,6720950,86729,15679469,,,,
1416389284.38862,pg_catalog,pg_ts_template,0,0,0,0,0,0,0,0,0,0,0,0,0,0,,,,
1416389284.38862,public,time_statistics,18,188,,,20,18,0,18,20,18,3,53,,,,,,
1416389284.38862,pg_catalog,pg_foreign_server,0,0,0,0,0,0,0,0,0,0,0,0,0,0,,,,
1416389284.38862,pg_catalog,pg_namespace,942,79940,120257,99366,2,0,0,0,2,0,501,100752,1433,141362,,,,
1416389284.38862,pg_toast,pg_toast_2619,0,0,87539,292648,3616,0,3378,0,261,16,28795,114978,1251,135045,,,,
1416389284.38862,pg_catalog,pg_authid,532,532,42081,42081,0,0,0,0,0,0,265,42348,1228,82934,,,,
1416389284.38862,pg_catalog,pg_default_acl,0,0,2636,0,0,0,0,0,0,0,0,0,276,2360,,,,
1416389284.38862,pg_catalog,pg_shdepend,0,0,3597,661,0,0,0,0,0,0,303,358,1157,3758,,,,
1416389284.38862,pg_catalog,pg_constraint,0,0,192,96,96,0,96,0,10,0,53,545,96,968,0,0,0,0
1416389284.38862,information_schema,sql_implementation_info,0,0,,,0,0,0,0,0,0,0,0,,,0,0,0,0
1416389284.38862,pg_catalog,pg_index,3318,303742,235769,334878,515,0,515,0,143,36,2860,339084,1565,269864,,,,
1416389284.38862,pg_catalog,pg_ts_dict,0,0,0,0,0,0,0,0,0,0,0,0,0,0,,,,
1416389284.38862,pg_toast,pg_toast_2604,0,0,0,0,0,0,0,0,0,0,0,0,0,0,,,,
1416389284.38862,pg_toast,pg_toast_12325,0,0,0,0,0,0,0,0,0,0,0,0,0,0,,,,
1416389284.38862,information_schema,sql_sizing,0,0,,,0,0,0,0,0,0,0,0,,,0,0,0,0
1416389284.38862,pg_catalog,pg_proc,0,0,186912,276806,0,0,0,0,0,0,16052,186176,7780,406009,0,0,0,0
1416389344.39053,pg_catalog,pg_attrdef,0,0,0,0,0,0,0,0,0,0,0,0,0,0,0,0,0,0
1416389344.39053,pg_catalog,pg_db_role_setting,0,0,88600,0,0,0,0,0,0,0,0,0,266,88334,0,0,0,0
1416389344.39053,pg_catalog,pg_rowsecurity,0,0,0,0,0,0,0,0,0,0,0,0,0,0,,,,
1416389344.39053,pg_catalog,pg_description,0,0,2936,0,0,0,0,0,0,0,0,0,818,5713,0,0,0,0
1416389344.39053,pg_catalog,pg_foreign_data_wrapper,0,0,0,0,0,0,0,0,0,0,0,0,0,0,,,,
1416389344.39053,pg_catalog,pg_conversion,0,0,0,0,0,0,0,0,0,0,0,0,0,0,,,,
1416389344.39053,public,nation,21,250,25482,25482,25,0,0,0,25,0,5,25489,10,25487,,,,
1416389344.39053,pg_catalog,pg_class,6857,1482597,527383,481886,1174,360,1174,349,337,81,6676,554890,4736,1102993,,,,
1416389344.39053,pg_catalog,pg_opfamily,0,0,0,0,0,0,0,0,0,0,0,0,0,0,,,,
1416389344.39053,pg_catalog,pg_auth_members,0,0,0,0,0,0,0,0,0,0,0,0,0,0,,,,
1416389344.39053,pg_catalog,pg_operator,0,0,161471,846675,0,0,0,0,0,0,4492,585603,3962,350163,,,,
1416389344.39053,pg_toast,pg_toast_12345,0,0,0,0,0,0,0,0,0,0,0,0,0,0,,,,
1416389344.39053,public,part,10,16000000,62,2358008,2000000,0,0,0,2000000,0,190178,409565,6645,189,,,,
1416389344.39053,pg_catalog,pg_attribute,1826,12450,431854,972577,4288,120,4288,120,2514,14,16686,479534,3947,902543,,,,
1416389344.39053,pg_catalog,pg_tablespace,0,0,15044,15044,0,0,0,0,0,0,436,14608,907,29251,,,,
1416389344.39053,pg_catalog,pg_statistic,0,0,118565,113931,968,2666,971,2527,464,91,11947,110047,1379,253437,28797,114982,1251,135054
1416389344.39053,pg_catalog,pg_aggregate,0,0,11232,11232,0,0,0,0,0,0,833,10399,1894,17690,,,,
1416389344.39053,pg_catalog,pg_inherits,0,0,659,0,0,0,0,0,0,0,0,0,284,375,,,,
1416389344.39053,public,supplier,9,500000,3335486,3386525,100000,0,0,0,100000,0,9204,3354702,709,6688325,,,,
1416389344.39053,pg_catalog,pg_enum,0,0,0,0,0,0,0,0,0,0,0,0,0,0,,,,
1416389344.39053,public,partsupp,7,40000000,56029,2343884,8000000,0,0,0,8000000,0,855028,3044978,38502,136299,,,,
1416389344.39053,pg_toast,pg_toast_2396,0,0,0,0,0,0,0,0,0,0,0,0,0,0,,,,
1416389344.39053,pg_catalog,pg_pltemplate,0,0,0,0,0,0,0,0,0,0,0,0,0,0,,,,
1416389344.39053,public,region,6363,31790,14,14,5,0,0,0,5,0,3,6371,6,13,,,,
1416389344.39053,pg_toast,pg_toast_2618,0,0,2255,7202,0,0,0,0,0,0,1316,1446,389,3247,,,,
1416389344.39053,pg_toast,pg_toast_3596,0,0,0,0,0,0,0,0,0,0,0,0,0,0,,,,
1416389344.39053,pg_toast,pg_toast_2606,0,0,0,0,0,0,0,0,0,0,0,0,0,0,,,,
1416389344.39053,pg_toast,pg_toast_2964,0,0,0,0,0,0,0,0,0,0,0,0,0,0,,,,
1416389344.39053,pg_toast,pg_toast_12330,0,0,0,0,0,0,0,0,0,0,0,0,0,0,,,,
1416389344.39053,pg_catalog,pg_database,1660,6352,72110,72110,0,0,0,0,0,0,189,73581,1193,115169,,,,
1416389344.39053,information_schema,sql_sizing_profiles,0,0,,,0,0,0,0,0,0,0,0,,,0,0,0,0
1416389344.39053,pg_toast,pg_toast_2620,0,0,0,0,0,0,0,0,0,0,0,0,0,0,,,,
1416389344.39053,pg_catalog,pg_depend,0,0,27423,29496,5036,0,5036,0,6685,1020,4955,35342,6953,71301,,,,
1416389344.39053,pg_catalog,pg_language,0,0,0,0,0,0,0,0,0,0,0,0,0,0,,,,
1416389344.39053,pg_toast,pg_toast_12320,0,0,0,0,0,0,0,0,0,0,0,0,0,0,,,,
1416389344.39053,pg_catalog,pg_amproc,332,664,92456,145524,0,0,0,0,0,0,454,90941,831,205615,,,,
1416389344.39053,pg_catalog,pg_collation,0,0,0,0,0,0,0,0,0,0,0,0,0,0,,,,
1416389344.39053,pg_catalog,pg_range,0,0,5043,0,0,0,0,0,0,0,0,0,2006,8080,,,,
1416389344.39053,pg_toast,pg_toast_2609,0,0,0,0,0,0,0,0,0,0,0,0,0,0,,,,
1416389344.39053,pg_catalog,pg_opclass,332,332,127280,1432289,0,0,0,0,0,0,996,568012,2029,155733,,,,
1416389344.39053,information_schema,sql_packages,0,0,,,0,0,0,0,0,0,0,0,,,0,0,0,0
1416389344.39053,pg_catalog,pg_rewrite,0,0,5289,4209,360,0,360,0,110,30,2658,4634,1203,7821,1316,1446,778,6494
1416389344.39053,pg_toast,pg_toast_1255,0,0,0,0,0,0,0,0,0,0,0,0,0,0,,,,
1416389344.39053,pg_catalog,pg_seclabel,0,0,2936,0,0,0,0,0,0,0,0,0,267,2669,0,0,0,0
1416389344.39053,pg_toast,pg_toast_12335,0,0,0,0,0,0,0,0,0,0,0,0,0,0,,,,
1416389344.39053,pg_catalog,pg_ts_parser,0,0,0,0,0,0,0,0,0,0,0,0,0,0,,,,
1416389344.39053,pg_catalog,pg_trigger,0,0,0,0,0,0,0,0,0,0,0,0,0,0,0,0,0,0
1416389344.39053,public,customer,12,12000000,64,1171891,1500000,0,0,0,1500000,0,126206,558820,3601,188,,,,
1416389344.39053,pg_toast,pg_toast_12340,0,0,0,0,0,0,0,0,0,0,0,0,0,0,,,,
1416389344.39053,pg_catalog,pg_shseclabel,0,0,0,0,0,0,0,0,0,0,0,0,0,0,,,,
1416389344.39053,pg_catalog,pg_event_trigger,0,0,1115,0,0,0,0,0,0,0,0,0,303,812,,,,
1416389344.39053,information_schema,sql_features,0,0,,,0,0,0,0,0,0,0,0,,,0,0,0,0
1416389344.39053,information_schema,sql_languages,0,0,,,0,0,0,0,0,0,0,0,,,0,0,0,0
1416389344.39053,public,lineitem,16,720011475,2552674,70889717,60045669,0,0,0,60046040,0,14189018,24345143,662312,11193730,,,,
1416389344.39053,pg_catalog,pg_foreign_table,0,0,0,0,0,0,0,0,0,0,0,0,0,0,,,,
1416389344.39053,pg_catalog,pg_extension,0,0,0,0,0,0,0,0,0,0,0,0,0,0,,,,
1416389344.39053,pg_catalog,pg_ts_config,0,0,0,0,0,0,0,0,0,0,0,0,0,0,,,,
1416389344.39053,pg_catalog,pg_shdescription,0,0,0,0,0,0,0,0,0,0,0,0,0,0,0,0,0,0
1416389344.39053,pg_catalog,pg_cast,0,0,705946,167653,0,0,0,0,0,0,951,166702,582,725646,,,,
1416389344.39053,pg_catalog,pg_amop,0,0,189188,275317,0,0,0,0,0,0,1392,273925,3067,400250,,,,
1416389344.39053,pg_catalog,pg_user_mapping,0,0,0,0,0,0,0,0,0,0,0,0,0,0,,,,
1416389344.39053,pg_toast,pg_toast_12315,0,0,0,0,0,0,0,0,0,0,0,0,0,0,,,,
1416389344.39053,pg_catalog,pg_type,0,0,499920,495004,1306,0,1306,0,360,63,3325,497525,4864,1027428,,,,
1416389344.39053,pg_catalog,pg_largeobject,0,0,0,0,0,0,0,0,0,0,0,0,0,0,,,,
1416389344.39053,information_schema,sql_parts,0,0,,,0,0,0,0,0,0,0,0,,,0,0,0,0
1416389344.39053,pg_catalog,pg_ts_config_map,0,0,0,0,0,0,0,0,0,0,0,0,0,0,,,,
1416389344.39053,pg_catalog,pg_largeobject_metadata,0,0,0,0,0,0,0,0,0,0,0,0,0,0,,,,
1416389344.39053,pg_catalog,pg_am,22049,22049,0,0,0,0,0,0,0,0,310,21739,0,0,,,,
1416389344.39053,public,orders,14,120060000,5200379,5497862,15015000,0,0,0,15015000,0,1509060,6720950,86729,15679469,,,,
1416389344.39053,pg_catalog,pg_ts_template,0,0,0,0,0,0,0,0,0,0,0,0,0,0,,,,
1416389344.39053,public,time_statistics,18,188,,,20,18,0,18,20,18,3,53,,,,,,
1416389344.39053,pg_catalog,pg_foreign_server,0,0,0,0,0,0,0,0,0,0,0,0,0,0,,,,
1416389344.39053,pg_catalog,pg_namespace,944,80112,120415,99519,2,0,0,0,2,0,502,100908,1435,141525,,,,
1416389344.39053,pg_toast,pg_toast_2619,0,0,87542,292654,3616,0,3378,0,261,16,28797,114982,1251,135054,,,,
1416389344.39053,pg_catalog,pg_authid,533,533,42091,42091,0,0,0,0,0,0,265,42359,1228,82954,,,,
1416389344.39053,pg_catalog,pg_default_acl,0,0,2636,0,0,0,0,0,0,0,0,0,276,2360,,,,
1416389344.39053,pg_catalog,pg_shdepend,0,0,3597,661,0,0,0,0,0,0,303,358,1157,3758,,,,
1416389344.39053,pg_catalog,pg_constraint,0,0,192,96,96,0,96,0,10,0,53,545,96,968,0,0,0,0
1416389344.39053,information_schema,sql_implementation_info,0,0,,,0,0,0,0,0,0,0,0,,,0,0,0,0
1416389344.39053,pg_catalog,pg_index,3323,304457,235814,334936,515,0,515,0,143,36,2860,339164,1565,269921,,,,
1416389344.39053,pg_catalog,pg_ts_dict,0,0,0,0,0,0,0,0,0,0,0,0,0,0,,,,
1416389344.39053,pg_toast,pg_toast_2604,0,0,0,0,0,0,0,0,0,0,0,0,0,0,,,,
1416389344.39053,pg_toast,pg_toast_12325,0,0,0,0,0,0,0,0,0,0,0,0,0,0,,,,
1416389344.39053,information_schema,sql_sizing,0,0,,,0,0,0,0,0,0,0,0,,,0,0,0,0
1416389344.39053,pg_catalog,pg_proc,0,0,186990,276919,0,0,0,0,0,0,16058,186268,7782,406173,0,0,0,0
1416389404.39056,pg_catalog,pg_attrdef,0,0,0,0,0,0,0,0,0,0,0,0,0,0,0,0,0,0
1416389404.39056,pg_catalog,pg_db_role_setting,0,0,88676,0,0,0,0,0,0,0,0,0,266,88410,0,0,0,0
1416389404.39056,pg_catalog,pg_rowsecurity,0,0,0,0,0,0,0,0,0,0,0,0,0,0,,,,
1416389404.39056,pg_catalog,pg_description,0,0,2936,0,0,0,0,0,0,0,0,0,818,5713,0,0,0,0
1416389404.39056,pg_catalog,pg_foreign_data_wrapper,0,0,0,0,0,0,0,0,0,0,0,0,0,0,,,,
1416389404.39056,pg_catalog,pg_conversion,0,0,0,0,0,0,0,0,0,0,0,0,0,0,,,,
1416389404.39056,public,nation,22,275,25493,25517,25,0,0,0,25,0,5,25501,12,25498,,,,
1416389404.39056,pg_catalog,pg_class,6867,1485647,527924,482406,1174,360,1174,349,337,81,6676,555541,4737,1104117,,,,
1416389404.39056,pg_catalog,pg_opfamily,0,0,0,0,0,0,0,0,0,0,0,0,0,0,,,,
1416389404.39056,pg_catalog,pg_auth_members,0,0,0,0,0,0,0,0,0,0,0,0,0,0,,,,
1416389404.39056,pg_catalog,pg_operator,0,0,161580,847342,0,0,0,0,0,0,4492,586058,3964,350404,,,,
1416389404.39056,pg_toast,pg_toast_12345,0,0,0,0,0,0,0,0,0,0,0,0,0,0,,,,
1416389404.39056,public,part,10,16000000,79,2362868,2000000,0,0,0,2000000,0,194760,409565,8462,1843,,,,
1416389404.39056,pg_catalog,pg_attribute,1826,12450,432251,973346,4288,120,4288,120,2514,14,16691,479948,3947,903361,,,,
1416389404.39056,pg_catalog,pg_tablespace,0,0,15057,15057,0,0,0,0,0,0,436,14621,907,29277,,,,
1416389404.39056,pg_catalog,pg_statistic,0,0,118660,114006,968,2666,971,2527,464,91,11955,110114,1379,253641,28823,115025,1251,135145
1416389404.39056,pg_catalog,pg_aggregate,0,0,11240,11240,0,0,0,0,0,0,833,10407,1894,17703,,,,
1416389404.39056,pg_catalog,pg_inherits,0,0,659,0,0,0,0,0,0,0,0,0,284,375,,,,
1416389404.39056,public,supplier,10,600000,3335490,3386529,100000,0,0,0,100000,0,11279,3354810,713,6688332,,,,
1416389404.39056,pg_catalog,pg_enum,0,0,0,0,0,0,0,0,0,0,0,0,0,0,,,,
1416389404.39056,public,partsupp,7,40000000,56029,2343884,8000000,0,0,0,8000000,0,855028,3044978,38502,136299,,,,
1416389404.39056,pg_toast,pg_toast_2396,0,0,0,0,0,0,0,0,0,0,0,0,0,0,,,,
1416389404.39056,pg_catalog,pg_pltemplate,0,0,0,0,0,0,0,0,0,0,0,0,0,0,,,,
1416389404.39056,public,region,6364,31795,16,16,5,0,0,0,5,0,4,6373,8,14,,,,
1416389404.39056,pg_toast,pg_toast_2618,0,0,2261,7220,0,0,0,0,0,0,1317,1452,389,3257,,,,
1416389404.39056,pg_toast,pg_toast_3596,0,0,0,0,0,0,0,0,0,0,0,0,0,0,,,,
1416389404.39056,pg_toast,pg_toast_2606,0,0,0,0,0,0,0,0,0,0,0,0,0,0,,,,
1416389404.39056,pg_toast,pg_toast_2964,0,0,0,0,0,0,0,0,0,0,0,0,0,0,,,,
1416389404.39056,pg_toast,pg_toast_12330,0,0,0,0,0,0,0,0,0,0,0,0,0,0,,,,
1416389404.39056,pg_catalog,pg_database,1663,6364,72175,72175,0,0,0,0,0,0,189,73649,1193,115272,,,,
1416389404.39056,information_schema,sql_sizing_profiles,0,0,,,0,0,0,0,0,0,0,0,,,0,0,0,0
1416389404.39056,pg_toast,pg_toast_2620,0,0,0,0,0,0,0,0,0,0,0,0,0,0,,,,
1416389404.39056,pg_catalog,pg_depend,0,0,27423,29496,5036,0,5036,0,6685,1020,4955,35342,6953,71301,,,,
1416389404.39056,pg_catalog,pg_language,0,0,0,0,0,0,0,0,0,0,0,0,0,0,,,,
1416389404.39056,pg_toast,pg_toast_12320,0,0,0,0,0,0,0,0,0,0,0,0,0,0,,,,
1416389404.39056,pg_catalog,pg_amproc,332,664,92522,145629,0,0,0,0,0,0,454,91006,831,205767,,,,
1416389404.39056,pg_catalog,pg_collation,0,0,0,0,0,0,0,0,0,0,0,0,0,0,,,,
1416389404.39056,pg_catalog,pg_range,0,0,5047,0,0,0,0,0,0,0,0,0,2006,8088,,,,
1416389404.39056,pg_toast,pg_toast_2609,0,0,0,0,0,0,0,0,0,0,0,0,0,0,,,,
1416389404.39056,pg_catalog,pg_opclass,332,332,127366,1433233,0,0,0,0,0,0,996,568386,2029,155846,,,,
1416389404.39056,information_schema,sql_packages,0,0,,,0,0,0,0,0,0,0,0,,,0,0,0,0
1416389404.39056,pg_catalog,pg_rewrite,0,0,5297,4217,360,0,360,0,110,30,2658,4642,1203,7835,1317,1452,778,6514
1416389404.39056,pg_toast,pg_toast_1255,0,0,0,0,0,0,0,0,0,0,0,0,0,0,,,,
1416389404.39056,pg_catalog,pg_seclabel,0,0,2936,0,0,0,0,0,0,0,0,0,267,2669,0,0,0,0
1416389404.39056,pg_toast,pg_toast_12335,0,0,0,0,0,0,0,0,0,0,0,0,0,0,,,,
1416389404.39056,pg_catalog,pg_ts_parser,0,0,0,0,0,0,0,0,0,0,0,0,0,0,,,,
1416389404.39056,pg_catalog,pg_trigger,0,0,0,0,0,0,0,0,0,0,0,0,0,0,0,0,0,0
1416389404.39056,public,customer,13,13500000,77,1471335,1500000,0,0,0,1500000,0,196758,668656,4442,214,,,,
1416389404.39056,pg_toast,pg_toast_12340,0,0,0,0,0,0,0,0,0,0,0,0,0,0,,,,
1416389404.39056,pg_catalog,pg_shseclabel,0,0,0,0,0,0,0,0,0,0,0,0,0,0,,,,
1416389404.39056,pg_catalog,pg_event_trigger,0,0,1115,0,0,0,0,0,0,0,0,0,303,812,,,,
1416389404.39056,information_schema,sql_features,0,0,,,0,0,0,0,0,0,0,0,,,0,0,0,0
1416389404.39056,information_schema,sql_languages,0,0,,,0,0,0,0,0,0,0,0,,,0,0,0,0
1416389404.39056,public,lineitem,17,780057144,3016246,87550516,60045669,0,0,0,60046040,0,15449320,25755339,865080,12893618,,,,
1416389404.39056,pg_catalog,pg_foreign_table,0,0,0,0,0,0,0,0,0,0,0,0,0,0,,,,
1416389404.39056,pg_catalog,pg_extension,0,0,0,0,0,0,0,0,0,0,0,0,0,0,,,,
1416389404.39056,pg_catalog,pg_ts_config,0,0,0,0,0,0,0,0,0,0,0,0,0,0,,,,
1416389404.39056,pg_catalog,pg_shdescription,0,0,0,0,0,0,0,0,0,0,0,0,0,0,0,0,0,0
1416389404.39056,pg_catalog,pg_cast,0,0,706452,167772,0,0,0,0,0,0,951,166821,582,726170,,,,
1416389404.39056,pg_catalog,pg_amop,0,0,189323,275514,0,0,0,0,0,0,1392,274122,3069,400540,,,,
1416389404.39056,pg_catalog,pg_user_mapping,0,0,0,0,0,0,0,0,0,0,0,0,0,0,,,,
1416389404.39056,pg_toast,pg_toast_12315,0,0,0,0,0,0,0,0,0,0,0,0,0,0,,,,
1416389404.39056,pg_catalog,pg_type,0,0,500348,495432,1306,0,1306,0,360,63,3325,497953,4865,1028304,,,,
1416389404.39056,pg_catalog,pg_largeobject,0,0,0,0,0,0,0,0,0,0,0,0,0,0,,,,
1416389404.39056,information_schema,sql_parts,0,0,,,0,0,0,0,0,0,0,0,,,0,0,0,0
1416389404.39056,pg_catalog,pg_ts_config_map,0,0,0,0,0,0,0,0,0,0,0,0,0,0,,,,
1416389404.39056,pg_catalog,pg_largeobject_metadata,0,0,0,0,0,0,0,0,0,0,0,0,0,0,,,,
1416389404.39056,pg_catalog,pg_am,22069,22069,0,0,0,0,0,0,0,0,310,21759,0,0,,,,
1416389404.39056,public,orders,14,120060000,5200387,8351606,15015000,0,0,0,15015000,0,1915405,6796418,94538,15679480,,,,
1416389404.39056,pg_catalog,pg_ts_template,0,0,0,0,0,0,0,0,0,0,0,0,0,0,,,,
1416389404.39056,public,time_statistics,22,274,,,24,22,0,22,24,22,3,65,,,,,,
1416389404.39056,pg_catalog,pg_foreign_server,0,0,0,0,0,0,0,0,0,0,0,0,0,0,,,,
1416389404.39056,pg_catalog,pg_namespace,946,80284,120611,99697,2,0,0,0,2,0,502,101090,1435,141741,,,,
1416389404.39056,pg_toast,pg_toast_2619,0,0,87584,292802,3616,0,3378,0,261,16,28823,115025,1251,135145,,,,
1416389404.39056,pg_catalog,pg_authid,534,534,42125,42125,0,0,0,0,0,0,265,42394,1228,83022,,,,
1416389404.39056,pg_catalog,pg_default_acl,0,0,2636,0,0,0,0,0,0,0,0,0,276,2360,,,,
1416389404.39056,pg_catalog,pg_shdepend,0,0,3597,661,0,0,0,0,0,0,303,358,1157,3758,,,,
1416389404.39056,pg_catalog,pg_constraint,0,0,192,96,96,0,96,0,10,0,53,545,96,968,0,0,0,0
1416389404.39056,information_schema,sql_implementation_info,0,0,,,0,0,0,0,0,0,0,0,,,0,0,0,0
1416389404.39056,pg_catalog,pg_index,3328,305172,235961,335144,515,0,515,0,143,36,2860,339392,1565,270098,,,,
1416389404.39056,pg_catalog,pg_ts_dict,0,0,0,0,0,0,0,0,0,0,0,0,0,0,,,,
1416389404.39056,pg_toast,pg_toast_2604,0,0,0,0,0,0,0,0,0,0,0,0,0,0,,,,
1416389404.39056,pg_toast,pg_toast_12325,0,0,0,0,0,0,0,0,0,0,0,0,0,0,,,,
1416389404.39056,information_schema,sql_sizing,0,0,,,0,0,0,0,0,0,0,0,,,0,0,0,0
1416389404.39056,pg_catalog,pg_proc,0,0,187175,277181,0,0,0,0,0,0,16071,186464,7786,406575,0,0,0,0
1416389464.39279,pg_catalog,pg_attrdef,0,0,0,0,0,0,0,0,0,0,0,0,0,0,0,0,0,0
1416389464.39279,pg_catalog,pg_db_role_setting,0,0,88728,0,0,0,0,0,0,0,0,0,266,88462,0,0,0,0
1416389464.39279,pg_catalog,pg_rowsecurity,0,0,0,0,0,0,0,0,0,0,0,0,0,0,,,,
1416389464.39279,pg_catalog,pg_description,0,0,2936,0,0,0,0,0,0,0,0,0,818,5713,0,0,0,0
1416389464.39279,pg_catalog,pg_foreign_data_wrapper,0,0,0,0,0,0,0,0,0,0,0,0,0,0,,,,
1416389464.39279,pg_catalog,pg_conversion,0,0,0,0,0,0,0,0,0,0,0,0,0,0,,,,
1416389464.39279,public,nation,24,325,25501,25525,25,0,0,0,25,0,5,25511,12,25507,,,,
1416389464.39279,pg_catalog,pg_class,6877,1488697,528367,482838,1174,360,1174,349,337,81,6677,556103,4737,1105031,,,,
1416389464.39279,pg_catalog,pg_opfamily,0,0,0,0,0,0,0,0,0,0,0,0,0,0,,,,
1416389464.39279,pg_catalog,pg_auth_members,0,0,0,0,0,0,0,0,0,0,0,0,0,0,,,,
1416389464.39279,pg_catalog,pg_operator,0,0,161638,847561,0,0,0,0,0,0,4492,586213,3965,350535,,,,
1416389464.39279,pg_toast,pg_toast_12345,0,0,0,0,0,0,0,0,0,0,0,0,0,0,,,,
1416389464.39279,public,part,10,16000000,79,2362868,2000000,0,0,0,2000000,0,194760,409565,8462,1843,,,,
1416389464.39279,pg_catalog,pg_attribute,1826,12450,432539,973880,4288,120,4288,120,2514,14,16692,480249,3947,903951,,,,
1416389464.39279,pg_catalog,pg_tablespace,0,0,15066,15066,0,0,0,0,0,0,436,14630,907,29295,,,,
1416389464.39279,pg_catalog,pg_statistic,0,0,118715,114049,968,2666,971,2527,464,91,11958,110154,1379,253760,28827,115057,1251,135200
1416389464.39279,pg_catalog,pg_aggregate,0,0,11243,11243,0,0,0,0,0,0,833,10410,1894,17709,,,,
1416389464.39279,pg_catalog,pg_inherits,0,0,659,0,0,0,0,0,0,0,0,0,284,375,,,,
1416389464.39279,public,supplier,11,700000,3335494,3386533,100000,0,0,0,100000,0,11382,3356890,713,6688343,,,,
1416389464.39279,pg_catalog,pg_enum,0,0,0,0,0,0,0,0,0,0,0,0,0,0,,,,
1416389464.39279,public,partsupp,7,40000000,56029,2343884,8000000,0,0,0,8000000,0,855028,3044978,38502,136299,,,,
1416389464.39279,pg_toast,pg_toast_2396,0,0,0,0,0,0,0,0,0,0,0,0,0,0,,,,
1416389464.39279,pg_catalog,pg_pltemplate,0,0,0,0,0,0,0,0,0,0,0,0,0,0,,,,
1416389464.39279,public,region,6364,31795,16,16,5,0,0,0,5,0,4,6373,8,14,,,,
1416389464.39279,pg_toast,pg_toast_2618,0,0,2266,7236,0,0,0,0,0,0,1321,1454,389,3265,,,,
1416389464.39279,pg_toast,pg_toast_3596,0,0,0,0,0,0,0,0,0,0,0,0,0,0,,,,
1416389464.39279,pg_toast,pg_toast_2606,0,0,0,0,0,0,0,0,0,0,0,0,0,0,,,,
1416389464.39279,pg_toast,pg_toast_2964,0,0,0,0,0,0,0,0,0,0,0,0,0,0,,,,
1416389464.39279,pg_toast,pg_toast_12330,0,0,0,0,0,0,0,0,0,0,0,0,0,0,,,,
1416389464.39279,pg_catalog,pg_database,1666,6376,72220,72220,0,0,0,0,0,0,189,73697,1193,115343,,,,
1416389464.39279,information_schema,sql_sizing_profiles,0,0,,,0,0,0,0,0,0,0,0,,,0,0,0,0
1416389464.39279,pg_toast,pg_toast_2620,0,0,0,0,0,0,0,0,0,0,0,0,0,0,,,,
1416389464.39279,pg_catalog,pg_depend,0,0,27423,29496,5036,0,5036,0,6685,1020,4955,35342,6953,71301,,,,
1416389464.39279,pg_catalog,pg_language,0,0,0,0,0,0,0,0,0,0,0,0,0,0,,,,
1416389464.39279,pg_toast,pg_toast_12320,0,0,0,0,0,0,0,0,0,0,0,0,0,0,,,,
1416389464.39279,pg_catalog,pg_amproc,332,664,92564,145692,0,0,0,0,0,0,454,91046,831,205863,,,,
1416389464.39279,pg_catalog,pg_collation,0,0,0,0,0,0,0,0,0,0,0,0,0,0,,,,
1416389464.39279,pg_catalog,pg_range,0,0,5049,0,0,0,0,0,0,0,0,0,2008,8090,,,,
1416389464.39279,pg_toast,pg_toast_2609,0,0,0,0,0,0,0,0,0,0,0,0,0,0,,,,
1416389464.39279,pg_catalog,pg_opclass,332,332,127411,1433688,0,0,0,0,0,0,996,568567,2029,155908,,,,
1416389464.39279,information_schema,sql_packages,0,0,,,0,0,0,0,0,0,0,0,,,0,0,0,0
1416389464.39279,pg_catalog,pg_rewrite,0,0,5304,4224,360,0,360,0,110,30,2662,4645,1203,7847,1321,1454,778,6530
1416389464.39279,pg_toast,pg_toast_1255,0,0,0,0,0,0,0,0,0,0,0,0,0,0,,,,
1416389464.39279,pg_catalog,pg_seclabel,0,0,2936,0,0,0,0,0,0,0,0,0,267,2669,0,0,0,0
1416389464.39279,pg_toast,pg_toast_12335,0,0,0,0,0,0,0,0,0,0,0,0,0,0,,,,
1416389464.39279,pg_catalog,pg_ts_parser,0,0,0,0,0,0,0,0,0,0,0,0,0,0,,,,
1416389464.39279,pg_catalog,pg_trigger,0,0,0,0,0,0,0,0,0,0,0,0,0,0,0,0,0,0
1416389464.39279,public,customer,14,15000000,81,1471339,1500000,0,0,0,1500000,0,196760,703936,4442,231,,,,
1416389464.39279,pg_toast,pg_toast_12340,0,0,0,0,0,0,0,0,0,0,0,0,0,0,,,,
1416389464.39279,pg_catalog,pg_shseclabel,0,0,0,0,0,0,0,0,0,0,0,0,0,0,,,,
1416389464.39279,pg_catalog,pg_event_trigger,0,0,1115,0,0,0,0,0,0,0,0,0,303,812,,,,
1416389464.39279,information_schema,sql_features,0,0,,,0,0,0,0,0,0,0,0,,,0,0,0,0
1416389464.39279,information_schema,sql_languages,0,0,,,0,0,0,0,0,0,0,0,,,0,0,0,0
1416389464.39279,public,lineitem,17,780057144,4212886,96204675,60045669,0,0,0,60046040,0,16680009,26021670,1115184,17472672,,,,
1416389464.39279,pg_catalog,pg_foreign_table,0,0,0,0,0,0,0,0,0,0,0,0,0,0,,,,
1416389464.39279,pg_catalog,pg_extension,0,0,0,0,0,0,0,0,0,0,0,0,0,0,,,,
1416389464.39279,pg_catalog,pg_ts_config,0,0,0,0,0,0,0,0,0,0,0,0,0,0,,,,
1416389464.39279,pg_catalog,pg_shdescription,0,0,0,0,0,0,0,0,0,0,0,0,0,0,0,0,0,0
1416389464.39279,pg_catalog,pg_cast,0,0,706669,167829,0,0,0,0,0,0,951,166878,582,726398,,,,
1416389464.39279,pg_catalog,pg_amop,0,0,189396,275618,0,0,0,0,0,0,1392,274226,3069,400700,,,,
1416389464.39279,pg_catalog,pg_user_mapping,0,0,0,0,0,0,0,0,0,0,0,0,0,0,,,,
1416389464.39279,pg_toast,pg_toast_12315,0,0,0,0,0,0,0,0,0,0,0,0,0,0,,,,
1416389464.39279,pg_catalog,pg_type,0,0,500579,495663,1306,0,1306,0,360,63,3325,498184,4867,1028777,,,,
1416389464.39279,pg_catalog,pg_largeobject,0,0,0,0,0,0,0,0,0,0,0,0,0,0,,,,
1416389464.39279,information_schema,sql_parts,0,0,,,0,0,0,0,0,0,0,0,,,0,0,0,0
1416389464.39279,pg_catalog,pg_ts_config_map,0,0,0,0,0,0,0,0,0,0,0,0,0,0,,,,
1416389464.39279,pg_catalog,pg_largeobject_metadata,0,0,0,0,0,0,0,0,0,0,0,0,0,0,,,,
1416389464.39279,pg_catalog,pg_am,22081,22081,0,0,0,0,0,0,0,0,310,21771,0,0,,,,
1416389464.39279,public,orders,16,150090000,5200393,8351612,15015000,0,0,0,15015000,0,1917343,7301530,94541,15679501,,,,
1416389464.39279,pg_catalog,pg_ts_template,0,0,0,0,0,0,0,0,0,0,0,0,0,0,,,,
1416389464.39279,public,time_statistics,24,323,,,26,24,0,24,26,24,3,71,,,,,,
1416389464.39279,pg_catalog,pg_foreign_server,0,0,0,0,0,0,0,0,0,0,0,0,0,0,,,,
1416389464.39279,pg_catalog,pg_namespace,948,80456,120787,99862,2,0,0,0,2,0,502,101259,1435,141930,,,,
1416389464.39279,pg_toast,pg_toast_2619,0,0,87609,292874,3616,0,3378,0,261,16,28827,115057,1251,135200,,,,
1416389464.39279,pg_catalog,pg_authid,535,535,42147,42147,0,0,0,0,0,0,265,42417,1228,83066,,,,
1416389464.39279,pg_catalog,pg_default_acl,0,0,2636,0,0,0,0,0,0,0,0,0,276,2360,,,,
1416389464.39279,pg_catalog,pg_shdepend,0,0,3597,661,0,0,0,0,0,0,303,358,1157,3758,,,,
1416389464.39279,pg_catalog,pg_constraint,0,0,192,96,96,0,96,0,10,0,53,545,96,968,0,0,0,0
1416389464.39279,information_schema,sql_implementation_info,0,0,,,0,0,0,0,0,0,0,0,,,0,0,0,0
1416389464.39279,pg_catalog,pg_index,3333,305887,236055,335275,515,0,515,0,143,36,2860,339545,1565,270211,,,,
1416389464.39279,pg_catalog,pg_ts_dict,0,0,0,0,0,0,0,0,0,0,0,0,0,0,,,,
1416389464.39279,pg_toast,pg_toast_2604,0,0,0,0,0,0,0,0,0,0,0,0,0,0,,,,
1416389464.39279,pg_toast,pg_toast_12325,0,0,0,0,0,0,0,0,0,0,0,0,0,0,,,,
1416389464.39279,information_schema,sql_sizing,0,0,,,0,0,0,0,0,0,0,0,,,0,0,0,0
1416389464.39279,pg_catalog,pg_proc,0,0,187299,277361,0,0,0,0,0,0,16073,186610,7786,406845,0,0,0,0
